{"accuracy": 36.666667461395264, "training_time": 44.47665452957153, "epochs": 10, "final_model_history": {"accuracy": [0.3669455945491791, 0.48326361179351807, 0.6150627732276917, 0.6518828272819519, 0.7062761783599854, 0.7435146570205688, 0.761924684047699, 0.7891213297843933, 0.8468618988990784, 0.8728033304214478], "loss": [38.00828170776367, 1.2150709629058838, 0.9776830673217773, 0.9037944078445435, 0.7759852409362793, 0.7327494025230408, 0.6596864461898804, 0.5768616795539856, 0.43145865201950073, 0.3871459662914276], "val_accuracy": [0.3400000035762787, 0.3866666555404663, 0.3916666805744171, 0.3766666650772095, 0.37833333015441895, 0.3933333456516266, 0.3916666805744171, 0.3766666650772095, 0.3883333206176758, 0.36666667461395264], "val_loss": [1.3374931812286377, 1.3699344396591187, 1.4289579391479492, 1.4491647481918335, 1.5227453708648682, 1.9216194152832031, 2.2224948406219482, 2.7943115234375, 2.6695969104766846, 2.926633358001709]}, "class_names": ["heavy traffic", "light traffic", "moderate traffic", "no traffic"], "image_size": [256, 256], "confusion_matrix": [[28, 44, 37, 16], [1, 51, 20, 48], [10, 62, 21, 50], [9, 71, 12, 120]], "roc_curve": {"fpr": [0.0, 0.0020833333333333333, 0.002105263157894737, 0.002188183807439825, 0.002577319587628866, 0.004210526315789474, 0.005154639175257732, 0.007731958762886598, 0.008421052631578947, 0.010526315789473684, 0.016666666666666666, 0.016842105263157894, 0.0175054704595186, 0.01804123711340206, 0.02188183807439825, 0.023157894736842106, 0.024070021881838075, 0.02526315789473684, 0.0262582056892779, 0.028446389496717725, 0.029473684210526315, 0.030927835051546393, 0.031578947368421054, 0.03333333333333333, 0.03350515463917526, 0.0350109409190372, 0.03608247422680412, 0.0375, 0.037894736842105266, 0.03865979381443299, 0.04, 0.041237113402061855, 0.04157549234135667, 0.0437636761487965, 0.04381443298969072, 0.04421052631578947, 0.04631578947368421, 0.04842105263157895, 0.04896907216494845, 0.05154639175257732, 0.05263157894736842, 0.05412371134020619, 0.06041666666666667, 0.06458333333333334, 0.06526315789473684, 0.06666666666666667, 0.06701030927835051, 0.06736842105263158, 0.06947368421052631, 0.07083333333333333, 0.07221006564551423, 0.07474226804123711, 0.075, 0.0787746170678337, 0.07916666666666666, 0.07989690721649484, 0.08096280087527352, 0.08210526315789474, 0.08247422680412371, 0.08333333333333333, 0.08505154639175258, 0.08762886597938144, 0.08842105263157894, 0.08971553610503283, 0.09020618556701031, 0.09278350515463918, 0.09375, 0.09536082474226804, 0.0968421052631579, 0.0979381443298969, 0.10065645514223195, 0.1050328227571116, 0.1056701030927835, 0.10736842105263159, 0.10833333333333334, 0.10947368421052632, 0.1134020618556701, 0.11458333333333333, 0.11597938144329897, 0.11855670103092783, 0.12, 0.12421052631578948, 0.125, 0.12886597938144329, 0.13144329896907217, 0.13333333333333333, 0.13659793814432988, 0.1375, 0.13917525773195877, 0.14105263157894737, 0.14175257731958762, 0.14432989690721648, 0.1487964989059081, 0.14948453608247422, 0.15206185567010308, 0.15368421052631578, 0.15416666666666667, 0.15463917525773196, 0.15536105032822758, 0.15578947368421053, 0.15625, 0.15973741794310722, 0.16, 0.16494845360824742, 0.16752577319587628, 0.16849015317286653, 0.17067833698030635, 0.17525773195876287, 0.17708333333333334, 0.17783505154639176, 0.17894736842105263, 0.17916666666666667, 0.18041237113402062, 0.18125, 0.1831578947368421, 0.18599562363238512, 0.19583333333333333, 0.1958762886597938, 0.2036082474226804, 0.20568927789934355, 0.20833333333333334, 0.2100656455142232, 0.21391752577319587, 0.21666666666666667, 0.2210065645514223, 0.22164948453608246, 0.22422680412371135, 0.225, 0.22526315789473683, 0.22538293216630198, 0.2268041237113402, 0.22975929978118162, 0.23333333333333334, 0.23711340206185566, 0.23851203501094093, 0.24375, 0.24484536082474226, 0.2463157894736842, 0.24726477024070023, 0.24742268041237114, 0.24791666666666667, 0.2505263157894737, 0.25164113785557984, 0.2520833333333333, 0.25257731958762886, 0.25601750547045954, 0.25625, 0.25773195876288657, 0.25820568927789933, 0.25833333333333336, 0.2603092783505155, 0.2603938730853392, 0.2604166666666667, 0.26105263157894737, 0.2625, 0.26288659793814434, 0.26804123711340205, 0.26875, 0.2694736842105263, 0.2757731958762887, 0.27789473684210525, 0.2778993435448578, 0.2800875273522976, 0.2860824742268041, 0.29321663019693656, 0.29540481400437635, 0.3, 0.3015463917525773, 0.30412371134020616, 0.30416666666666664, 0.30670103092783507, 0.30833333333333335, 0.3085339168490153, 0.31157894736842107, 0.3125, 0.31443298969072164, 0.3150984682713348, 0.32, 0.32166301969365424, 0.32216494845360827, 0.3247422680412371, 0.32603938730853393, 0.327319587628866, 0.32989690721649484, 0.3304157549234136, 0.3324742268041237, 0.33260393873085337, 0.33505154639175255, 0.33698030634573306, 0.33916849015317285, 0.3413566739606127, 0.3435448577680525, 0.34375, 0.3452631578947368, 0.34573304157549234, 0.3473684210526316, 0.3479212253829322, 0.3479381443298969, 0.35789473684210527, 0.36082474226804123, 0.3645833333333333, 0.36542669584245074, 0.36597938144329895, 0.3741794310722101, 0.37916666666666665, 0.38105263157894737, 0.38144329896907214, 0.3831578947368421, 0.38526315789473686, 0.3854166666666667, 0.3958333333333333, 0.39690721649484534, 0.3982494529540481, 0.4048140043763676, 0.4083333333333333, 0.41237113402061853, 0.4166666666666667, 0.4175257731958763, 0.4201312910284464, 0.424507658643326, 0.4252577319587629, 0.4288840262582057, 0.42916666666666664, 0.43041237113402064, 0.4329896907216495, 0.44, 0.44072164948453607, 0.44375, 0.4442013129102845, 0.45103092783505155, 0.45473684210526316, 0.4551422319474836, 0.45618556701030927, 0.45625, 0.46041666666666664, 0.4631578947368421, 0.4660831509846827, 0.4673684210526316, 0.47045951859956237, 0.47164948453608246, 0.47702407002188185, 0.4814004376367615, 0.48333333333333334, 0.4845360824742268, 0.48541666666666666, 0.4895833333333333, 0.49015317286652077, 0.49166666666666664, 0.49226804123711343, 0.49375, 0.49671772428884026, 0.49894736842105264, 0.5, 0.5020833333333333, 0.5032822757111597, 0.5041666666666667, 0.5051546391752577, 0.5054704595185996, 0.5073684210526316, 0.5164113785557987, 0.5180412371134021, 0.520618556701031, 0.5221052631578947, 0.5333333333333333, 0.5354166666666667, 0.5438144329896907, 0.5479166666666667, 0.5515463917525774, 0.5515789473684211, 0.5536105032822757, 0.5541237113402062, 0.5567010309278351, 0.5583333333333333, 0.5645514223194749, 0.5645833333333333, 0.56875, 0.5705263157894737, 0.5729166666666666, 0.5747368421052632, 0.5789473684210527, 0.58125, 0.5820568927789934, 0.5831578947368421, 0.5854166666666667, 0.5876288659793815, 0.5886214442013129, 0.5915789473684211, 0.5916666666666667, 0.5929978118161926, 0.5951859956236324, 0.5957894736842105, 0.5978947368421053, 0.6017505470459519, 0.6020833333333333, 0.6039387308533917, 0.6061269146608315, 0.60625, 0.6083333333333333, 0.6105032822757112, 0.6185567010309279, 0.6231578947368421, 0.6270833333333333, 0.6280087527352297, 0.6301969365426696, 0.6323851203501094, 0.6333333333333333, 0.6345733041575492, 0.6354166666666666, 0.6389496717724289, 0.6411378555798687, 0.6417525773195877, 0.6463157894736842, 0.6484210526315789, 0.65, 0.6520618556701031, 0.65625, 0.6583333333333333, 0.6597938144329897, 0.6666666666666666, 0.6675257731958762, 0.66875, 0.6708333333333333, 0.675, 0.6761487964989059, 0.68, 0.687089715536105, 0.6892778993435449, 0.6895833333333333, 0.6958333333333333, 0.6958424507658644, 0.6968421052631579, 0.6980306345733042, 0.7, 0.7031578947368421, 0.711340206185567, 0.7115789473684211, 0.7136842105263158, 0.7166666666666667, 0.7190721649484536, 0.7208333333333333, 0.7216494845360825, 0.7291666666666666, 0.7319587628865979, 0.7345360824742269, 0.7368421052631579, 0.7371134020618557, 0.7395833333333334, 0.7396907216494846, 0.7422680412371134, 0.7452631578947368, 0.7525773195876289, 0.75625, 0.76, 0.7604166666666666, 