{"accuracy": 36.83333396911621, "training_time": 132.51402735710144, "epochs": 10, "final_model_history": {"accuracy": [0.35271966457366943, 0.501255214214325, 0.6732217669487, 0.7594142556190491, 0.7861924767494202, 0.8393305540084839, 0.8882845044136047, 0.9292886853218079, 0.946443498134613, 0.9451882839202881], "loss": [56.080387115478516, 1.1604030132293701, 0.8693275451660156, 0.6700554490089417, 0.6009466052055359, 0.44577187299728394, 0.3554188311100006, 0.25599634647369385, 0.18105673789978027, 0.16902248561382294], "val_accuracy": [0.27166667580604553, 0.3466666638851166, 0.3733333349227905, 0.3683333396911621, 0.3633333444595337, 0.3816666603088379, 0.37166666984558105, 0.37166666984558105, 0.3466666638851166, 0.3683333396911621], "val_loss": [1.3338191509246826, 1.5197254419326782, 1.5064842700958252, 1.820241093635559, 2.6189582347869873, 3.239903688430786, 3.666975975036621, 2.8864612579345703, 2.8621809482574463, 4.986328125]}, "class_names": ["heavy traffic", "light traffic", "moderate traffic", "no traffic"], "image_size": [512, 512], "confusion_matrix": [[31, 40, 26, 28], [11, 42, 17, 50], [14, 50, 26, 53], [15, 54, 21, 122]], "roc_curve": {"fpr": [0.0, 0.002188183807439825, 0.004166666666666667, 0.004210526315789474, 0.00437636761487965, 0.00625, 0.00631578947368421, 0.007731958762886598, 0.008421052631578947, 0.010416666666666666, 0.010526315789473684, 0.010940919037199124, 0.01263157894736842, 0.015463917525773196, 0.023157894736842106, 0.023195876288659795, 0.02577319587628866, 0.029166666666666667, 0.029473684210526315, 0.030927835051546393, 0.03125, 0.031578947368421054, 0.03350515463917526, 0.0350109409190372, 0.03608247422680412, 0.037199124726477024, 0.0375, 0.03865979381443299, 0.041237113402061855, 0.04157549234135667, 0.041666666666666664, 0.042105263157894736, 0.04381443298969072, 0.04639175257731959, 0.04896907216494845, 0.05052631578947368, 0.05412371134020619, 0.056842105263157895, 0.05894736842105263, 0.061855670103092786, 0.06315789473684211, 0.06345733041575492, 0.06443298969072164, 0.06526315789473684, 0.06701030927835051, 0.06875, 0.07216494845360824, 0.07789473684210527, 0.07916666666666666, 0.08247422680412371, 0.08533916849015317, 0.08971553610503283, 0.09052631578947369, 0.09190371991247265, 0.09263157894736843, 0.09409190371991247, 0.09473684210526316, 0.09536082474226804, 0.0979381443298969, 0.10065645514223195, 0.10208333333333333, 0.10309278350515463, 0.1031578947368421, 0.10416666666666667, 0.1050328227571116, 0.1056701030927835, 0.10625, 0.10722100656455143, 0.11157894736842106, 0.1137855579868709, 0.11597374179431072, 0.12083333333333333, 0.12371134020618557, 0.12472647702407003, 0.12628865979381443, 0.12910284463894967, 0.1375, 0.13917525773195877, 0.14526315789473684, 0.14660831509846828, 0.14690721649484537, 0.14947368421052631, 0.14948453608247422, 0.15208333333333332, 0.15317286652078774, 0.15578947368421053, 0.15625, 0.1575492341356674, 0.15973741794310722, 0.15979381443298968, 0.16192560175054704, 0.16494845360824742, 0.16752577319587628, 0.16849015317286653, 0.17286652078774617, 0.17473684210526316, 0.17708333333333334, 0.1772428884026258, 0.18125, 0.18556701030927836, 0.18599562363238512, 0.18736842105263157, 0.1875, 0.18814432989690721, 0.18947368421052632, 0.19845360824742267, 0.2, 0.20416666666666666, 0.20568927789934355, 0.20876288659793815, 0.21041666666666667, 0.21052631578947367, 0.212253829321663, 0.21663019693654267, 0.21894736842105264, 0.22083333333333333, 0.22291666666666668, 0.22975929978118162, 0.23194748358862144, 0.23711340206185566, 0.2375, 0.23969072164948454, 0.24375, 0.24484536082474226, 0.24842105263157896, 0.25, 0.25257731958762886, 0.25263157894736843, 0.25416666666666665, 0.25473684210526315, 0.25773195876288657, 0.2603938730853392, 0.26288659793814434, 0.26804123711340205, 0.2706185567010309, 0.2757731958762887, 0.2791666666666667, 0.2809278350515464, 0.2833333333333333, 0.28541666666666665, 0.2926315789473684, 0.29321663019693656, 0.29540481400437635, 0.29583333333333334, 0.2963917525773196, 0.29791666666666666, 0.30105263157894735, 0.3031578947368421, 0.30412371134020616, 0.3041575492341357, 0.30416666666666664, 0.30927835051546393, 0.3104166666666667, 0.31072210065645517, 0.3136842105263158, 0.31958762886597936, 0.32216494845360827, 0.3238512035010941, 0.32421052631578945, 0.32989690721649484, 0.33125, 0.3324742268041237, 0.33260393873085337, 0.33473684210526317, 0.3375, 0.34536082474226804, 0.34573304157549234, 0.3479212253829322, 0.35789473684210527, 0.3634020618556701, 0.3645833333333333, 0.36666666666666664, 0.3684210526315789, 0.3705263157894737, 0.37083333333333335, 0.37199124726477023, 0.37684210526315787, 0.3785557986870897, 0.37916666666666665, 0.38125, 0.38144329896907214, 0.38333333333333336, 0.3851203501094092, 0.38526315789473686, 0.3916849015317287, 0.39606126914660833, 0.39690721649484534, 0.3982494529540481, 0.4020618556701031, 0.4063157894736842, 0.4097938144329897, 0.41237113402061853, 0.41458333333333336, 0.41875, 0.42083333333333334, 0.42526315789473684, 0.4288840262582057, 0.43125, 0.43326039387308535, 0.43544857768052514, 0.437636761487965, 0.4378947368421053, 0.4395833333333333, 0.4421052631578947, 0.44587628865979384, 0.44638949671772427, 0.4479166666666667, 0.45618556701030927, 0.4583333333333333, 0.4587628865979381, 0.45951859956236324, 0.4639175257731959, 0.4666666666666667, 0.4708333333333333, 0.4726477024070022, 0.47291666666666665, 0.4742268041237113, 0.4791666666666667, 0.48125, 0.48210526315789476, 0.4842105263157895, 0.48711340206185566, 0.487964989059081, 0.5077319587628866, 0.5083333333333333, 0.5094736842105263, 0.511578947368421, 0.5145833333333333, 0.5166666666666667, 0.5185995623632386, 0.52, 0.5207877461706784, 0.5208333333333334, 0.5270833333333333, 0.5273522975929978, 0.5284210526315789, 0.5339168490153173, 0.5361050328227571, 0.5382932166301969, 0.5438144329896907, 0.5458333333333333, 0.5463917525773195, 0.5489690721649485, 0.5492341356673961, 0.55, 0.5514223194748359, 0.5515463917525774, 0.5515789473684211, 0.5541237113402062, 0.5541666666666667, 0.5567010309278351, 0.5592783505154639, 0.5645833333333333, 0.5663157894736842, 0.5684210526315789, 0.5695876288659794, 0.5773195876288659, 0.5798969072164949, 0.5850515463917526, 0.5854166666666667, 0.5894736842105263, 0.5929978118161926, 0.5957894736842105, 0.5979166666666667, 0.6030927835051546, 0.6042105263157894, 0.6082474226804123, 0.6105032822757112, 0.6125, 0.6134020618556701, 0.615979381443299, 0.6189473684210526, 0.6211340206185567, 0.6214442013129103, 0.6231578947368421, 0.6236323851203501, 0.6252631578947369, 0.6280087527352297, 0.6288659793814433, 0.6291666666666667, 0.63125, 0.6336842105263157, 0.6365979381443299, 0.6391752577319587, 0.6411378555798687, 0.64375, 0.6477024070021882, 0.6484210526315789, 0.6520618556701031, 0.6520787746170679, 0.6542669584245077, 0.6568421052631579, 0.6586433260393874, 0.6631578947368421, 0.6675257731958762, 0.6695842450765864, 0.6701030927835051, 0.6739606126914661, 0.6778350515463918, 0.6783369803063457, 0.6842105263157895, 0.6854166666666667, 0.6863157894736842, 0.6881443298969072, 0.6907216494845361, 0.6958333333333333, 0.6984536082474226, 0.7, 0.700218818380744, 0.7024070021881839, 0.7045951859956237, 0.7087628865979382, 0.7111597374179431, 0.7125, 0.7133479212253829, 0.7136842105263158, 0.7221052631578947, 0.7268041237113402, 0.7270833333333333, 0.7286652078774617, 0.7291666666666666, 0.729381443298969, 0.7305263157894737, 0.7319587628865979, 0.7330415754923414, 0.7371134020618557, 0.7375, 0.7410526315789474, 0.74375, 0.7474226804123711, 0.7479166666666667, 0.75, 0.7520833333333333, 0.7549234135667396, 0.7604166666666666, 0.7642105263157895, 0.7680412371134021, 0.775, 0.7768421052631579, 0.7789934354485777, 0.7811816192560175, 0.7833698030634574, 0.7855579868708972, 0.7936842105263158, 0.79375, 0.7989690721649485, 0.8042105263157895, 0.8063157894736842, 0.8067010309278351, 0.811816192560175, 0.8118556701030928, 