{"accuracy": 35.83333194255829, "training_time": 25.80051326751709, "epochs": 10, "final_model_history": {"accuracy": [0.3748953938484192, 0.4234309494495392, 0.477405846118927, 0.5242677927017212, 0.5418410301208496, 0.5748953819274902, 0.6217573285102844, 0.680334746837616, 0.7112970948219299, 0.7234309911727905], "loss": [6.457156181335449, 1.2574024200439453, 1.1585707664489746, 1.0943396091461182, 1.0544718503952026, 0.9677386283874512, 0.8892529010772705, 0.749239981174469, 0.7094932198524475, 0.6847432851791382], "val_accuracy": [0.2983333468437195, 0.3016666769981384, 0.33500000834465027, 0.3616666793823242, 0.31333333253860474, 0.3883333206176758, 0.4050000011920929, 0.3799999952316284, 0.37833333015441895, 0.3583333194255829], "val_loss": [1.338208794593811, 1.3207014799118042, 1.35475492477417, 1.4021719694137573, 1.3795758485794067, 1.5287816524505615, 1.5305590629577637, 1.618908405303955, 1.9679616689682007, 2.199040412902832]}, "class_names": ["heavy traffic", "light traffic", "moderate traffic", "no traffic"], "image_size": [128, 128], "confusion_matrix": [[31, 63, 12, 19], [9, 63, 12, 36], [13, 70, 20, 40], [14, 84, 13, 101]], "roc_curve": {"fpr": [0.0, 0.002105263157894737, 0.002188183807439825, 0.004210526315789474, 0.005154639175257732, 0.00631578947368421, 0.007731958762886598, 0.0087527352297593, 0.010309278350515464, 0.010526315789473684, 0.01263157894736842, 0.014583333333333334, 0.015463917525773196, 0.018947368421052633, 0.02188183807439825, 0.022916666666666665, 0.023157894736842106, 0.023195876288659795, 0.024070021881838075, 0.02736842105263158, 0.028350515463917526, 0.028446389496717725, 0.029166666666666667, 0.029473684210526315, 0.031578947368421054, 0.03333333333333333, 0.03350515463917526, 0.035416666666666666, 0.035789473684210524, 0.037199124726477024, 0.037894736842105266, 0.03958333333333333, 0.04, 0.041237113402061855, 0.041666666666666664, 0.0437636761487965, 0.04381443298969072, 0.04896907216494845, 0.05032822757111598, 0.05263157894736842, 0.05416666666666667, 0.05625, 0.05670103092783505, 0.05689277899343545, 0.058333333333333334, 0.059278350515463915, 0.061052631578947365, 0.06345733041575492, 0.06443298969072164, 0.06701030927835051, 0.06736842105263158, 0.06958762886597938, 0.07216494845360824, 0.07368421052631578, 0.07474226804123711, 0.07708333333333334, 0.07731958762886598, 0.07789473684210527, 0.07989690721649484, 0.08125, 0.08505154639175258, 0.08762886597938144, 0.08958333333333333, 0.09020618556701031, 0.09052631578947369, 0.09166666666666666, 0.09473684210526316, 0.09536082474226804, 0.0968421052631579, 0.0979381443298969, 0.1, 0.10051546391752578, 0.10065645514223195, 0.10284463894967177, 0.1056701030927835, 0.10736842105263159, 0.10824742268041238, 0.10940919037199125, 0.11082474226804123, 0.11368421052631579, 0.12, 0.12210526315789473, 0.12472647702407003, 0.12708333333333333, 0.12842105263157894, 0.12886597938144329, 0.13052631578947368, 0.13402061855670103, 0.13566739606126915, 0.13659793814432988, 0.1368421052631579, 0.13894736842105262, 0.13958333333333334, 0.14175257731958762, 0.1422319474835886, 0.14432989690721648, 0.14442013129102846, 0.14690721649484537, 0.14791666666666667, 0.1487964989059081, 0.15206185567010308, 0.15416666666666667, 0.15578947368421053, 0.15721649484536082, 0.16192560175054704, 0.16237113402061856, 0.16458333333333333, 0.16631578947368422, 0.1705263157894737, 0.17268041237113402, 0.17684210526315788, 0.1831578947368421, 0.1838074398249453, 0.18526315789473685, 0.18599562363238512, 0.1875, 0.18814432989690721, 0.18818380743982493, 0.18958333333333333, 0.19037199124726478, 0.19166666666666668, 0.1936842105263158, 0.1958762886597938, 0.19912472647702406, 0.20103092783505155, 0.20210526315789473, 0.2036082474226804, 0.20618556701030927, 0.20787746170678337, 0.20833333333333334, 0.211340206185567, 0.212253829321663, 0.2125, 0.21444201312910285, 0.21649484536082475, 0.21663019693654267, 0.22083333333333333, 0.2231578947368421, 0.22422680412371135, 0.225, 0.22526315789473683, 0.22538293216630198, 0.22736842105263158, 0.23413566739606126, 0.23711340206185566, 0.23969072164948454, 0.2422680412371134, 0.24421052631578946, 0.24484536082474226, 0.2520833333333333, 0.25257731958762886, 0.25773195876288657, 0.25833333333333336, 0.26258205689277897, 0.2647702407002188, 0.2673684210526316, 0.26804123711340205, 0.26875, 0.27157894736842103, 0.27319587628865977, 0.27835051546391754, 0.28210526315789475, 0.28665207877461707, 0.28865979381443296, 0.29321663019693656, 0.29381443298969073, 0.29473684210526313, 0.29583333333333334, 0.2963917525773196, 0.29896907216494845, 0.29978118161925604, 0.30196936542669583, 0.30625, 0.3063457330415755, 0.30670103092783507, 0.30927835051546393, 0.31072210065645517, 0.31443298969072164, 0.3157894736842105, 0.31875, 0.32216494845360827, 0.32603938730853393, 0.32916666666666666, 0.3324742268041237, 0.3375, 0.33762886597938147, 0.3416666666666667, 0.3427835051546392, 0.3452631578947368, 0.34573304157549234, 0.3458333333333333, 0.3473684210526316, 0.3544857768052516, 0.35667396061269147, 0.3582474226804124, 0.35833333333333334, 0.3625, 0.36323851203501095, 0.36597938144329895, 0.36666666666666664, 0.3676148796498906, 0.3705263157894737, 0.3729166666666667, 0.37371134020618557, 0.37684210526315787, 0.38074398249452956, 0.39166666666666666, 0.3917525773195876, 0.3938730853391685, 0.3958333333333333, 0.39690721649484534, 0.39791666666666664, 0.4, 0.4026258205689278, 0.4041666666666667, 0.40421052631578946, 0.40463917525773196, 0.4063157894736842, 0.40842105263157896, 0.4113785557986871, 0.41458333333333336, 0.41575492341356673, 0.4168421052631579, 0.4201312910284464, 0.42105263157894735, 0.4310722100656455, 0.43157894736842106, 0.43326039387308535, 0.4336842105263158, 0.4375, 0.44, 0.44072164948453607, 0.4442013129102845, 0.4479166666666667, 0.4484536082474227, 0.45, 0.4536082474226804, 0.45473684210526316, 0.46041666666666664, 0.4625, 0.4660831509846827, 0.4666666666666667, 0.4690721649484536, 0.47157894736842104, 0.4793814432989691, 0.4814004376367615, 0.48195876288659795, 0.48358862144420134, 0.48541666666666666, 0.48711340206185566, 0.4896907216494845, 0.4923413566739606, 0.49375, 0.49452954048140046, 0.49742268041237114, 0.5054704595185996, 0.5083333333333333, 0.5104166666666666, 0.5128865979381443, 0.5154639175257731, 0.5157894736842106, 0.5166666666666667, 0.5208333333333334, 0.5221052631578947, 0.5231958762886598, 0.5257731958762887, 0.5273522975929978, 0.5291666666666667, 0.5305263157894737, 0.53125, 0.5375, 0.5382932166301969, 0.5412371134020618, 0.5431578947368421, 0.5492341356673961, 0.55, 0.5520833333333334, 0.5601750547045952, 0.5604166666666667, 0.5618556701030928, 0.562363238512035, 0.5625, 0.5667396061269147, 0.5689277899343544, 0.5729166666666666, 0.5747422680412371, 0.5754923413566739, 0.5776805251641138, 0.5850515463917526, 0.5852631578947368, 0.5873684210526315, 0.5876288659793815, 0.5973741794310722, 0.5978947368421053, 0.5979381443298969, 0.6005154639175257, 0.6041666666666666, 0.6061269146608315, 0.60625, 0.6105032822757112, 0.6148796498905909, 0.6236323851203501, 0.625, 0.6336842105263157, 0.6365979381443299, 0.6389496717724289, 0.6421052631578947, 0.6443298969072165, 0.6469072164948454, 0.6520787746170679, 0.6520833333333333, 0.6526315789473685, 0.6541666666666667, 0.65625, 0.6604166666666667, 0.6608315098468271, 0.6652631578947369, 0.6666666666666666, 0.6695842450765864, 0.6726804123711341, 0.6752577319587629, 0.6761487964989059, 0.68125, 0.6821052631578948, 0.6827133479212254, 0.6895833333333333, 0.7010309278350515, 0.7031578947368421, 0.7036082474226805, 0.7045951859956237, 0.7073684210526315, 0.7089715536105032, 0.711340206185567, 0.7145833333333333, 0.7164948453608248, 0.7178947368421053, 0.7208333333333333, 0.7216494845360825, 0.7229166666666667, 0.7242105263157895, 0.7242268041237113, 0.725, 0.7268041237113402, 0.7270833333333333, 0.728421052631579, 0.7286652078774617, 0.7326315789473684, 0.7368421052631579, 