{"accuracy": 54.16666865348816, "training_time": 94.45906400680542, "epochs": 15, "final_model_history": {"accuracy": [0.5146443247795105, 0.5443514585494995, 0.5841004252433777, 0.604184091091156, 0.6221757531166077], "loss": [1.3386155366897583, 1.183621883392334, 1.0613346099853516, 0.981390655040741, 0.9072584509849548], "val_accuracy": [0.5249999761581421, 0.5049999952316284, 0.48500001430511475, 0.4933333396911621, 0.4950000047683716], "val_loss": [1.69261634349823, 1.613893747329712, 1.5521968603134155, 1.5343661308288574, 1.5226818323135376]}, "class_names": ["heavy traffic", "light traffic", "moderate traffic", "no traffic"], "image_size": [128, 128], "confusion_matrix": [[57, 21, 42, 5], [8, 64, 14, 34], [12, 45, 44, 42], [5, 65, 10, 132]], "roc_curve": {"fpr": [0.0, 0.002105263157894737, 0.002188183807439825, 0.002577319587628866, 0.004210526315789474, 0.005154639175257732, 0.007731958762886598, 0.008421052631578947, 0.0087527352297593, 0.010309278350515464, 0.0125, 0.01288659793814433, 0.01312910284463895, 0.014583333333333334, 0.014736842105263158, 0.015463917525773196, 0.016842105263157894, 0.01804123711340206, 0.018947368421052633, 0.020618556701030927, 0.020833333333333332, 0.021052631578947368, 0.022916666666666665, 0.023157894736842106, 0.023195876288659795, 0.025, 0.02577319587628866, 0.0262582056892779, 0.028446389496717725, 0.029473684210526315, 0.030927835051546393, 0.03125, 0.03350515463917526, 0.0350109409190372, 0.035789473684210524, 0.03865979381443299, 0.03938730853391685, 0.041237113402061855, 0.04157549234135667, 0.042105263157894736, 0.04375, 0.04381443298969072, 0.04421052631578947, 0.045951859956236324, 0.04631578947368421, 0.04639175257731959, 0.04842105263157895, 0.04896907216494845, 0.05, 0.05052631578947368, 0.05154639175257732, 0.05470459518599562, 0.056842105263157895, 0.058333333333333334, 0.05894736842105263, 0.05908096280087528, 0.059278350515463915, 0.06041666666666667, 0.061052631578947365, 0.061269146608315096, 0.061855670103092786, 0.0625, 0.06443298969072164, 0.06958762886597938, 0.07083333333333333, 0.07157894736842105, 0.07216494845360824, 0.07221006564551423, 0.07368421052631578, 0.07439824945295405, 0.07474226804123711, 0.07658643326039387, 0.08, 0.08125, 0.08210526315789474, 0.08247422680412371, 0.08333333333333333, 0.08541666666666667, 0.08762886597938144, 0.08958333333333333, 0.08971553610503283, 0.09020618556701031, 0.09166666666666666, 0.09409190371991247, 0.09583333333333334, 0.0962800875273523, 0.0968421052631579, 0.10065645514223195, 0.10105263157894737, 0.10208333333333333, 0.10284463894967177, 0.10309278350515463, 0.10416666666666667, 0.1056701030927835, 0.10722100656455143, 0.10833333333333334, 0.11082474226804123, 0.11159737417943107, 0.1134020618556701, 0.11368421052631579, 0.11578947368421053, 0.11597374179431072, 0.11666666666666667, 0.11816192560175055, 0.11855670103092783, 0.12, 0.1211340206185567, 0.12210526315789473, 0.12253829321663019, 0.12421052631578948, 0.12628865979381443, 0.12631578947368421, 0.13125, 0.13144329896907217, 0.13473684210526315, 0.13566739606126915, 0.13659793814432988, 0.13958333333333334, 0.14105263157894737, 0.14375, 0.14432989690721648, 0.14442013129102846, 0.14690721649484537, 0.14736842105263157, 0.1487964989059081, 0.15, 0.15208333333333332, 0.15416666666666667, 0.15721649484536082, 0.15789473684210525, 0.15979381443298968, 0.16237113402061856, 0.1625, 0.16411378555798686, 0.16494845360824742, 0.16752577319587628, 0.16849015317286653, 0.17010309278350516, 0.17083333333333334, 0.17268041237113402, 0.17286652078774617, 0.175, 0.17525773195876287, 0.17783505154639176, 0.18041237113402062, 0.18105263157894738, 0.18298969072164947, 0.1925601750547046, 0.1936842105263158, 0.1957894736842105, 0.19789473684210526, 0.19791666666666666, 0.19845360824742267, 0.2, 0.20103092783505155, 0.20210526315789473, 0.2036082474226804, 0.20421052631578948, 0.20833333333333334, 0.20876288659793815, 0.21041666666666667, 0.211340206185567, 0.21263157894736842, 0.21391752577319587, 0.21875, 0.22083333333333333, 0.2210065645514223, 0.22422680412371135, 0.225, 0.22975929978118162, 0.23333333333333334, 0.23413566739606126, 0.2345360824742268, 0.23578947368421052, 0.23711340206185566, 0.23789473684210527, 0.23851203501094093, 0.23969072164948454, 0.24, 0.24507658643326038, 0.24742268041237114, 0.25, 0.25164113785557984, 0.2520833333333333, 0.25257731958762886, 0.25773195876288657, 0.25833333333333336, 0.25894736842105265, 0.2604166666666667, 0.2654639175257732, 0.2673684210526316, 0.2706185567010309, 0.2708333333333333, 0.27291666666666664, 0.27319587628865977, 0.27571115973741794, 0.2778993435448578, 0.2809278350515464, 0.28350515463917525, 0.2844638949671772, 0.2860824742268041, 0.2875, 0.2912371134020619, 0.29540481400437635, 0.29583333333333334, 0.2963917525773196, 0.2975929978118162, 0.3015463917525773, 0.3063457330415755, 0.30927835051546393, 0.3145833333333333, 0.3170103092783505, 0.31875, 0.32210526315789473, 0.3238512035010941, 0.32603938730853393, 0.3263157894736842, 0.3304157549234136, 0.33052631578947367, 0.33260393873085337, 0.3333333333333333, 0.3375, 0.3452631578947368, 0.3479212253829322, 0.3479381443298969, 0.35, 0.3544857768052516, 0.35625, 0.3582474226804124, 0.36041666666666666, 0.36082474226804123, 0.36855670103092786, 0.36875, 0.36980306345733044, 0.3726315789473684, 0.3729166666666667, 0.37371134020618557, 0.38105263157894737, 0.38402061855670105, 0.3854166666666667, 0.387308533916849, 0.38917525773195877, 0.3958333333333333, 0.39690721649484534, 0.3982494529540481, 0.4, 0.40700218818380746, 0.4072164948453608, 0.41041666666666665, 0.4125, 0.4135667396061269, 0.4179431072210066, 0.4189473684210526, 0.424507658643326, 0.42669584245076586, 0.43125, 0.4329896907216495, 0.4354166666666667, 0.437636761487965, 0.4381443298969072, 0.44166666666666665, 0.44583333333333336, 0.4484536082474227, 0.4485776805251641, 0.45208333333333334, 0.46134020618556704, 0.4617067833698031, 0.4666666666666667, 0.4682713347921225, 0.474835886214442, 0.48, 0.48577680525164113, 0.49583333333333335, 0.49671772428884026, 0.4968421052631579, 0.5, 0.5051546391752577, 0.5076586433260394, 0.5103092783505154, 0.5125, 0.5164113785557987, 0.5229166666666667, 0.5229759299781181, 0.5273522975929978, 0.5291666666666667, 0.53125, 0.5360824742268041, 0.5431578947368421, 0.5470459518599562, 0.5489690721649485, 0.5492341356673961, 0.55, 0.5514223194748359, 0.5601750547045952, 0.5604166666666667, 0.562363238512035, 0.5754923413566739, 0.5773195876288659, 0.5798687089715536, 0.5842450765864332, 0.5886214442013129, 0.5927835051546392, 0.5951859956236324, 0.6039387308533917, 0.6083150984682714, 0.6108247422680413, 0.6125, 0.6189473684210526, 0.6211340206185567, 0.6258205689277899, 0.6354166666666666, 0.6365979381443299, 0.64375, 0.6477024070021882, 0.6541666666666667, 0.6666666666666666, 0.6695842450765864, 0.6778350515463918, 0.6849015317286652, 0.6854166666666667, 0.6980306345733042, 0.6984536082474226, 0.7010309278350515, 0.7020833333333333, 0.7133479212253829, 0.7157894736842105, 0.7164948453608248, 0.7208333333333333, 0.7319587628865979, 0.7396061269146609, 0.7417943107221007, 0.75054704595186, 0.7520833333333333, 0.7527352297592997, 0.7592997811816192, 0.7614879649890591, 0.7658643326039387, 0.770618556701031, 0.7791666666666667, 0.7855579868708972, 0.787746170678337, 0.7899343544857768, 0.7964989059080962, 0.8170103092783505, 0.8273195876288659, 0.8336980306345733, 0.8378947368421052, 0.8512035010940919, 0.8520833333333333, 0.8599562363238512, 0.8708971553610503, 0.875, 0.8814432989690721, 0.8840262582056893, 0.9072164948453608, 0.9146608315098468, 0.9190371991247265, 0.9229166666666667, 0.9347368421052632, 0.9518599562363238, 0.9520833333333333, 0.9645833333333333, 0.9890590809628009, 1.0],