{"accuracy": 57.833331823349, "training_time": 148.2247018814087, "epochs": 15, "final_model_history": {"accuracy": [0.6610878705978394, 0.7020920515060425, 0.7430962324142456, 0.753556489944458, 0.7782427072525024], "loss": [0.8100854158401489, 0.71736741065979, 0.6382107734680176, 0.6071637272834778, 0.5656050443649292], "val_accuracy": [0.574999988079071, 0.5716666579246521, 0.5766666531562805, 0.5733333230018616, 0.5716666579246521], "val_loss": [1.3078465461730957, 1.2999627590179443, 1.2655234336853027, 1.2777661085128784, 1.2781412601470947]}, "class_names": ["heavy traffic", "light traffic", "moderate traffic", "no traffic"], "image_size": [512, 512], "confusion_matrix": [[72, 17, 35, 1], [2, 73, 11, 34], [11, 61, 43, 28], [0, 52, 5, 155]], "roc_curve": {"fpr": [0.0, 0.0020833333333333333, 0.002105263157894737, 0.002188183807439825, 0.002577319587628866, 0.004166666666666667, 0.004210526315789474, 0.00437636761487965, 0.005154639175257732, 0.00625, 0.00631578947368421, 0.006564551422319475, 0.007731958762886598, 0.008333333333333333, 0.010309278350515464, 0.010416666666666666, 0.010526315789473684, 0.010940919037199124, 0.01263157894736842, 0.01288659793814433, 0.014583333333333334, 0.014736842105263158, 0.015463917525773196, 0.016842105263157894, 0.0175054704595186, 0.01804123711340206, 0.019693654266958426, 0.020618556701030927, 0.021052631578947368, 0.023157894736842106, 0.023195876288659795, 0.02577319587628866, 0.028350515463917526, 0.029166666666666667, 0.029473684210526315, 0.030634573304157548, 0.030927835051546393, 0.03125, 0.031578947368421054, 0.03333333333333333, 0.03368421052631579, 0.0350109409190372, 0.035789473684210524, 0.037199124726477024, 0.03865979381443299, 0.03958333333333333, 0.04, 0.042105263157894736, 0.04375, 0.04381443298969072, 0.04583333333333333, 0.045951859956236324, 0.04631578947368421, 0.04639175257731959, 0.04791666666666667, 0.04842105263157895, 0.04896907216494845, 0.05, 0.05154639175257732, 0.052083333333333336, 0.0525164113785558, 0.05263157894736842, 0.05412371134020619, 0.05470459518599562, 0.05473684210526316, 0.05670103092783505, 0.056842105263157895, 0.05689277899343545, 0.05908096280087528, 0.059278350515463915, 0.061855670103092786, 0.06315789473684211, 0.06345733041575492, 0.06443298969072164, 0.06666666666666667, 0.06701030927835051, 0.06736842105263158, 0.06958762886597938, 0.0700218818380744, 0.07083333333333333, 0.07157894736842105, 0.07216494845360824, 0.07368421052631578, 0.07439824945295405, 0.07474226804123711, 0.075, 0.07658643326039387, 0.07789473684210527, 0.0787746170678337, 0.07916666666666666, 0.07989690721649484, 0.08210526315789474, 0.08421052631578947, 0.08533916849015317, 0.0875, 0.08762886597938144, 0.08842105263157894, 0.08971553610503283, 0.09020618556701031, 0.09263157894736843, 0.09278350515463918, 0.09375, 0.09409190371991247, 0.09473684210526316, 0.09536082474226804, 0.0962800875273523, 0.0968421052631579, 0.09791666666666667, 0.0979381443298969, 0.09894736842105263, 0.10051546391752578, 0.10065645514223195, 0.10284463894967177, 0.10416666666666667, 0.1056701030927835, 0.10824742268041238, 0.11041666666666666, 0.11157894736842106, 0.11159737417943107, 0.1137855579868709, 0.11578947368421053, 0.11597938144329897, 0.12371134020618557, 0.12472647702407003, 0.125, 0.12628865979381443, 0.12708333333333333, 0.12842105263157894, 0.12916666666666668, 0.13541666666666666, 0.13785557986870897, 0.14375, 0.14442013129102846, 0.14583333333333334, 0.14690721649484537, 0.15, 0.15206185567010308, 0.15208333333333332, 0.15317286652078774, 0.15368421052631578, 0.15416666666666667, 0.15463917525773196, 0.15721649484536082, 0.15789473684210525, 0.16041666666666668, 0.16192560175054704, 0.16210526315789472, 0.16237113402061856, 0.16421052631578947, 0.17010309278350516, 0.1726315789473684, 0.17684210526315788, 0.17783505154639176, 0.18125, 0.18298969072164947, 0.18526315789473685, 0.18556701030927836, 0.18818380743982493, 0.18958333333333333, 0.19474835886214442, 0.19791666666666666, 0.2, 0.20103092783505155, 0.20208333333333334, 0.20350109409190373, 0.20625, 0.20833333333333334, 0.212253829321663, 0.21391752577319587, 0.21649484536082475, 0.21875, 0.22319474835886213, 0.22422680412371135, 0.225, 0.22526315789473683, 0.2275711159737418, 0.22916666666666666, 0.22975929978118162, 0.23125, 0.23194748358862144, 0.2345360824742268, 0.24166666666666667, 0.24484536082474226, 0.24726477024070023, 0.25, 0.25257731958762886, 0.2538293216630197, 0.2551546391752577, 0.25601750547045954, 0.2604166666666667, 0.2647702407002188, 0.2654639175257732, 0.26804123711340205, 0.26875, 0.2706185567010309, 0.27291666666666664, 0.2735229759299781, 0.27571115973741794, 0.2791666666666667, 0.2809278350515464, 0.28227571115973743, 0.2844638949671772, 0.28541666666666665, 0.29321663019693656, 0.29375, 0.29381443298969073, 0.29540481400437635, 0.29896907216494845, 0.3, 0.30105263157894735, 0.3015463917525773, 0.3020833333333333, 0.3085339168490153, 0.3104166666666667, 0.3118556701030928, 0.31291028446389496, 0.3145833333333333, 0.3170103092783505, 0.31947483588621445, 0.32216494845360827, 0.3229166666666667, 0.325, 0.33473684210526317, 0.3347921225382932, 0.3402061855670103, 0.34536082474226804, 0.350109409190372, 0.3541666666666667, 0.3556701030927835, 0.35667396061269147, 0.3645833333333333, 0.36980306345733044, 0.37083333333333335, 0.3711340206185567, 0.3729166666666667, 0.3788659793814433, 0.38074398249452956, 0.38293216630196936, 0.3916849015317287, 0.39375, 0.39791666666666664, 0.3982494529540481, 0.4, 0.40625, 0.4135667396061269, 0.4175257731958763, 0.4223194748358862, 0.4252577319587629, 0.43556701030927836, 0.4485776805251641, 0.45416666666666666, 0.4551422319474836, 0.4573304157549234, 0.46134020618556704, 0.4638949671772429, 0.4690721649484536, 0.474835886214442, 0.47702407002188185, 0.47921225382932164, 0.487964989059081, 0.4923413566739606, 0.5, 0.5010940919037199, 0.5051546391752577, 0.5054704595185996, 0.5103092783505154, 0.5125, 0.5142231947483589, 0.5180412371134021, 0.5229166666666667, 0.5229759299781181, 0.5231958762886598, 0.5270833333333333, 0.5295404814004376, 0.5335051546391752, 0.5339168490153173, 0.5354166666666667, 0.538659793814433, 0.5470459518599562, 0.5536105032822757, 0.55625, 0.562363238512035, 0.5711159737417943, 0.5721649484536082, 0.5831578947368421, 0.5876288659793815, 0.5979166666666667, 0.6083150984682714, 0.6185567010309279, 0.6208333333333333, 0.6288659793814433, 0.6291666666666667, 0.63125, 0.6389496717724289, 0.6645833333333333, 0.6673960612691466, 0.6675257731958762, 0.66875, 0.6791666666666667, 0.6958424507658644, 0.700218818380744, 0.7020833333333333, 0.7045951859956237, 0.7067833698030634, 0.7111597374179431, 0.7133479212253829, 0.7177242888402626, 0.7291666666666666, 0.7308533916849015, 0.7330415754923414, 0.7396061269146609, 0.74375, 0.75, 0.7571115973741794, 0.7592997811816192, 0.7614879649890591, 0.7658643326039387, 0.7729166666666667, 0.7835051546391752, 0.7964989059080962, 0.8052516411378556, 0.8140043763676149, 0.8145833333333333, 0.8147368421052632, 0.8643326039387309, 0.8708971553610503, 0.8840262582056893, 0.8958333333333334, 0.9479166666666666, 0.9541666666666667, 0.962800875273523, 0.9833333333333333, 1.0],