{"accuracy": 54.666668176651, "training_time": 99.65846657752991, "epochs": 15, "final_model_history": {"accuracy": [0.6046025156974792, 0.6581590175628662, 0.687447726726532, 0.7087866067886353, 0.7372384667396545], "loss": [0.935577929019928, 0.7978746891021729, 0.7484118938446045, 0.6908681392669678, 0.6399353742599487], "val_accuracy": [0.5566666722297668, 0.5566666722297668, 0.5583333373069763, 0.5633333325386047, 0.5683333277702332], "val_loss": [1.3548212051391602, 1.324148178100586, 1.2971841096878052, 1.290266513824463, 1.2873196601867676]}, "class_names": ["heavy traffic", "light traffic", "moderate traffic", "no traffic"], "image_size": [256, 256], "confusion_matrix": [[71, 16, 35, 3], [2, 74, 12, 32], [15, 56, 43, 29], [1, 53, 5, 153]], "roc_curve": {"fpr": [0.0, 0.0020833333333333333, 0.002105263157894737, 0.002188183807439825, 0.002577319587628866, 0.004166666666666667, 0.004210526315789474, 0.00437636761487965, 0.005154639175257732, 0.00631578947368421, 0.006564551422319475, 0.007731958762886598, 0.008421052631578947, 0.0087527352297593, 0.010309278350515464, 0.010416666666666666, 0.010526315789473684, 0.010940919037199124, 0.0125, 0.01263157894736842, 0.01288659793814433, 0.01312910284463895, 0.014583333333333334, 0.014736842105263158, 0.015463917525773196, 0.01804123711340206, 0.018947368421052633, 0.020618556701030927, 0.020833333333333332, 0.021052631578947368, 0.022916666666666665, 0.023157894736842106, 0.023195876288659795, 0.02526315789473684, 0.02577319587628866, 0.0262582056892779, 0.027083333333333334, 0.02736842105263158, 0.029473684210526315, 0.030634573304157548, 0.030927835051546393, 0.03125, 0.031578947368421054, 0.03350515463917526, 0.03368421052631579, 0.035789473684210524, 0.037894736842105266, 0.03865979381443299, 0.03958333333333333, 0.041237113402061855, 0.04157549234135667, 0.0437636761487965, 0.04381443298969072, 0.04421052631578947, 0.04583333333333333, 0.045951859956236324, 0.04631578947368421, 0.04639175257731959, 0.04842105263157895, 0.04896907216494845, 0.05, 0.05032822757111598, 0.05154639175257732, 0.052083333333333336, 0.05263157894736842, 0.05412371134020619, 0.05470459518599562, 0.05670103092783505, 0.05894736842105263, 0.061052631578947365, 0.061855670103092786, 0.06443298969072164, 0.06458333333333334, 0.06526315789473684, 0.06783369803063458, 0.06875, 0.07083333333333333, 0.07157894736842105, 0.07368421052631578, 0.07439824945295405, 0.075, 0.07731958762886598, 0.0787746170678337, 0.07989690721649484, 0.08, 0.08210526315789474, 0.08247422680412371, 0.08333333333333333, 0.08421052631578947, 0.0875, 0.087527352297593, 0.08958333333333333, 0.09020618556701031, 0.09263157894736843, 0.09375, 0.09409190371991247, 0.0962800875273523, 0.09791666666666667, 0.0979381443298969, 0.09894736842105263, 0.10065645514223195, 0.1050328227571116, 0.10526315789473684, 0.1056701030927835, 0.10824742268041238, 0.10833333333333334, 0.11082474226804123, 0.11159737417943107, 0.1134020618556701, 0.11458333333333333, 0.11578947368421053, 0.11816192560175055, 0.11855670103092783, 0.11875, 0.12035010940919037, 0.12253829321663019, 0.12371134020618557, 0.12421052631578948, 0.12472647702407003, 0.12691466083150985, 0.12708333333333333, 0.12842105263157894, 0.13125, 0.13144329896907217, 0.13263157894736843, 0.13473684210526315, 0.13566739606126915, 0.13659793814432988, 0.1375, 0.13894736842105262, 0.13917525773195877, 0.14166666666666666, 0.14175257731958762, 0.14432989690721648, 0.14526315789473684, 0.14583333333333334, 0.14660831509846828, 0.14690721649484537, 0.14948453608247422, 0.15, 0.15157894736842106, 0.15206185567010308, 0.15416666666666667, 0.15463917525773196, 0.1575492341356674, 0.15833333333333333, 0.15973741794310722, 0.16666666666666666, 0.16752577319587628, 0.16875, 0.17010309278350516, 0.17083333333333334, 0.17268041237113402, 0.17473684210526316, 0.17894736842105263, 0.18041237113402062, 0.18814432989690721, 0.19037199124726478, 0.19072164948453607, 0.19157894736842104, 0.19693654266958424, 0.20103092783505155, 0.2013129102844639, 0.20208333333333334, 0.20618556701030927, 0.212253829321663, 0.21444201312910285, 0.21666666666666667, 0.21875, 0.2188183807439825, 0.22105263157894736, 0.22422680412371135, 0.225, 0.22538293216630198, 0.22708333333333333, 0.23125, 0.2345360824742268, 0.23711340206185566, 0.23851203501094093, 0.23969072164948454, 0.24070021881838075, 0.24166666666666667, 0.2422680412371134, 0.24507658643326038, 0.24583333333333332, 0.25, 0.25416666666666665, 0.25601750547045954, 0.25820568927789933, 0.25894736842105265, 0.2603092783505155, 0.2604166666666667, 0.2625, 0.26804123711340205, 0.2706185567010309, 0.27157894736842103, 0.27291666666666664, 0.28350515463917525, 0.2844638949671772, 0.28541666666666665, 0.2875, 0.2916666666666667, 0.29540481400437635, 0.2963917525773196, 0.2975929978118162, 0.29978118161925604, 0.3020833333333333, 0.3031578947368421, 0.30736842105263157, 0.30833333333333335, 0.3238512035010941, 0.32421052631578945, 0.3247422680412371, 0.3324742268041237, 0.33762886597938147, 0.33958333333333335, 0.3431578947368421, 0.34536082474226804, 0.34791666666666665, 0.350109409190372, 0.3541666666666667, 0.3634020618556701, 0.3645833333333333, 0.3684210526315789, 0.3741794310722101, 0.37473684210526315, 0.3788659793814433, 0.38949671772428884, 0.3943298969072165, 0.3958333333333333, 0.39690721649484534, 0.3982494529540481, 0.39948453608247425, 0.4020618556701031, 0.4026258205689278, 0.40463917525773196, 0.4125, 0.41458333333333336, 0.41494845360824745, 0.4175257731958763, 0.41875, 0.42010309278350516, 0.4288840262582057, 0.43333333333333335, 0.44587628865979384, 0.4485776805251641, 0.45103092783505155, 0.45208333333333334, 0.4660831509846827, 0.4682713347921225, 0.46875, 0.4793814432989691, 0.4814004376367615, 0.48358862144420134, 0.5032822757111597, 0.5041666666666667, 0.5054704595185996, 0.5076586433260394, 0.5083333333333333, 0.5098468271334792, 0.5145833333333333, 0.5154639175257731, 0.5166666666666667, 0.5283505154639175, 0.5339168490153173, 0.5354166666666667, 0.5361050328227571, 0.5382932166301969, 0.5416666666666666, 0.5458333333333333, 0.5479166666666667, 0.5644329896907216, 0.5645833333333333, 0.5708333333333333, 0.5721649484536082, 0.5733041575492341, 0.5789473684210527, 0.58125, 0.5842450765864332, 0.5902061855670103, 0.5951859956236324, 0.595360824742268, 0.5958333333333333, 0.5995623632385121, 0.6108247422680413, 0.6134020618556701, 0.6145833333333334, 0.615979381443299, 0.6208333333333333, 0.6236323851203501, 0.6411378555798687, 0.6458333333333334, 0.6542669584245077, 0.6783369803063457, 0.6804123711340206, 0.6805251641137856, 0.6827133479212254, 0.6881443298969072, 0.6892778993435449, 0.6914660831509847, 0.6980306345733042, 0.7024070021881839, 0.7125, 0.7164948453608248, 0.7221006564551422, 0.7352297592997812, 0.7416666666666667, 0.7474226804123711, 0.7483588621444202, 0.7583333333333333, 0.7592997811816192, 0.7614879649890591, 0.7811816192560175, 0.7855579868708972, 0.8333333333333334, 0.8402625820568927, 0.8582474226804123, 0.8645833333333334, 0.8774617067833698, 0.9080962800875274, 0.9168490153172867, 0.9190371991247265, 0.9409190371991247, 0.9666666666666667, 0.9671772428884027, 1.0],