{"accuracy": 49.33333396911621, "training_time": 233.0760428905487, "epochs": 10, "final_model_history": {"accuracy": [0.3673640191555023, 0.3933054506778717, 0.4384937286376953, 0.4933054447174072, 0.5041841268539429, 0.5288702845573425, 0.5234309434890747, 0.5397489666938782, 0.5539748668670654, 0.5623431205749512], "loss": [1.5331224203109741, 1.3955655097961426, 1.2950197458267212, 1.2034170627593994, 1.1749159097671509, 1.1359304189682007, 1.1204853057861328, 1.066028356552124, 1.0608618259429932, 1.0216211080551147], "val_accuracy": [0.3466666638851166, 0.3866666555404663, 0.4183333218097687, 0.44333332777023315, 0.43666666746139526, 0.4516666531562805, 0.4633333384990692, 0.4699999988079071, 0.4749999940395355, 0.4933333396911621], "val_loss": [1.3702117204666138, 1.293542742729187, 1.2478305101394653, 1.2355844974517822, 1.2278540134429932, 1.2296589612960815, 1.198665738105774, 1.1894220113754272, 1.1828336715698242, 1.1799811124801636]}, "class_names": ["heavy traffic", "light traffic", "moderate traffic", "no traffic"], "image_size": [256, 256], "confusion_matrix": [[15, 54, 15, 41], [15, 47, 18, 40], [14, 59, 14, 56], [25, 75, 25, 87]], "roc_curve": {"fpr": [0.0, 0.0020833333333333333, 0.002577319587628866, 0.004166666666666667, 0.006564551422319475, 0.007731958762886598, 0.010416666666666666, 0.01312910284463895, 0.015463917525773196, 0.016842105263157894, 0.020618556701030927, 0.021052631578947368, 0.023157894736842106, 0.02577319587628866, 0.028350515463917526, 0.028446389496717725, 0.030927835051546393, 0.03282275711159737, 0.035416666666666666, 0.03608247422680412, 0.037199124726477024, 0.0375, 0.03865979381443299, 0.03938730853391685, 0.04791666666666667, 0.04842105263157895, 0.052083333333333336, 0.05416666666666667, 0.05625, 0.05670103092783505, 0.056842105263157895, 0.05894736842105263, 0.06315789473684211, 0.06526315789473684, 0.06875, 0.0700218818380744, 0.07157894736842105, 0.07216494845360824, 0.07291666666666667, 0.07439824945295405, 0.07731958762886598, 0.07916666666666666, 0.08096280087527352, 0.08247422680412371, 0.08315098468271334, 0.08505154639175258, 0.08541666666666667, 0.09020618556701031, 0.09263157894736843, 0.09375, 0.09536082474226804, 0.10625, 0.10722100656455143, 0.10824742268041238, 0.10833333333333334, 0.10947368421052632, 0.11082474226804123, 0.11157894736842106, 0.11597938144329897, 0.1211340206185567, 0.12371134020618557, 0.12472647702407003, 0.125, 0.12708333333333333, 0.12886597938144329, 0.13129102844638948, 0.13144329896907217, 0.13541666666666666, 0.1368421052631579, 0.13785557986870897, 0.1400437636761488, 0.14166666666666666, 0.1431578947368421, 0.14583333333333334, 0.14947368421052631, 0.14948453608247422, 0.15098468271334792, 0.15157894736842106, 0.15206185567010308, 0.15317286652078774, 0.15536105032822758, 0.15721649484536082, 0.15979381443298968, 0.16666666666666666, 0.17010309278350516, 0.175, 0.17684210526315788, 0.17783505154639176, 0.17916666666666667, 0.18041237113402062, 0.18125, 0.18556701030927836, 0.18736842105263157, 0.18818380743982493, 0.18958333333333333, 0.19037199124726478, 0.19072164948453607, 0.19329896907216496, 0.1958762886597938, 0.19912472647702406, 0.20208333333333334, 0.20210526315789473, 0.20350109409190373, 0.20568927789934355, 0.21473684210526317, 0.2190721649484536, 0.2231578947368421, 0.22422680412371135, 0.22708333333333333, 0.23578947368421052, 0.2375, 0.23851203501094093, 0.23969072164948454, 0.2422680412371134, 0.24484536082474226, 0.24791666666666667, 0.2505263157894737, 0.25473684210526315, 0.2551546391752577, 0.2604166666666667, 0.26105263157894737, 0.2654639175257732, 0.27291666666666664, 0.27319587628865977, 0.27578947368421053, 0.27789473684210525, 0.28350515463917525, 0.28421052631578947, 0.28865979381443296, 0.28958333333333336, 0.29381443298969073, 0.29540481400437635, 0.2975929978118162, 0.29896907216494845, 0.30412371134020616, 0.3041575492341357, 0.3063457330415755, 0.30736842105263157, 0.30927835051546393, 0.3094736842105263, 0.31072210065645517, 0.31157894736842107, 0.3118556701030928, 0.31443298969072164, 0.3150984682713348, 0.3170103092783505, 0.32166301969365424, 0.32421052631578945, 0.3247422680412371, 0.325, 0.33541666666666664, 0.33698030634573306, 0.33762886597938147, 0.3479381443298969, 0.35, 0.3556701030927835, 0.35667396061269147, 0.3588621444201313, 0.36082474226804123, 0.36210526315789476, 0.3645833333333333, 0.36542669584245074, 0.36666666666666664, 0.3676148796498906, 0.37371134020618557, 0.37628865979381443, 0.3770833333333333, 0.38074398249452956, 0.38105263157894737, 0.38144329896907214, 0.3865979381443299, 0.3873684210526316, 0.38917525773195877, 0.38949671772428884, 0.3957894736842105, 0.39789473684210525, 0.3982494529540481, 0.4048140043763676, 0.40700218818380746, 0.4072164948453608, 0.4113785557986871, 0.4126315789473684, 0.41458333333333336, 0.4168421052631579, 0.4175257731958763, 0.41875, 0.4189473684210526, 0.4231578947368421, 0.4270833333333333, 0.42736842105263156, 0.4288840262582057, 0.43041237113402064, 0.4310722100656455, 0.43125, 0.43326039387308535, 0.4357894736842105, 0.437636761487965, 0.4381443298969072, 0.43982494529540483, 0.44, 0.4420131291028446, 0.44329896907216493, 0.4442105263157895, 0.44583333333333336, 0.45052631578947366, 0.45103092783505155, 0.45416666666666666, 0.4573304157549234, 0.4589473684210526, 0.4617067833698031, 0.4708333333333333, 0.4726477024070022, 0.47291666666666665, 0.47680412371134023, 0.47702407002188185, 0.47789473684210526, 0.48333333333333334, 0.48541666666666666, 0.4896907216494845, 0.49166666666666664, 0.49226804123711343, 0.4923413566739606, 0.49375, 0.49452954048140046, 0.49583333333333335, 0.5010940919037199, 0.5051546391752577, 0.5125, 0.5154639175257731, 0.5251641137855579, 0.5273522975929978, 0.5291666666666667, 0.5335051546391752, 0.5347368421052632, 0.5404814004376368, 0.54375, 0.5448577680525164, 0.5515463917525774, 0.5515789473684211, 0.5536842105263158, 0.5578947368421052, 0.5583333333333333, 0.5592783505154639, 0.5601750547045952, 0.5621052631578948, 0.5642105263157895, 0.5644329896907216, 0.5667396061269147, 0.5711159737417943, 0.5733041575492341, 0.575, 0.5770833333333333, 0.5854166666666667, 0.5876288659793815, 0.5895833333333333, 0.5927835051546392, 0.5929978118161926, 0.5936842105263158, 0.5979166666666667, 0.5995623632385121, 0.6, 0.6017505470459519, 0.6021052631578947, 0.6030927835051546, 0.6042105263157894, 0.6056701030927835, 0.6105032822757112, 0.6126315789473684, 0.6145833333333334, 0.6166666666666667, 0.6185567010309279, 0.6192560175054704, 0.6208333333333333, 0.6211340206185567, 0.6262886597938144, 0.6288659793814433, 0.6314432989690721, 0.6333333333333333, 0.6367614879649891, 0.6395833333333333, 0.64, 0.6455142231947484, 0.6477024070021882, 0.6494845360824743, 0.649890590809628, 0.6505263157894737, 0.6520618556701031, 0.6520833333333333, 0.6541666666666667, 0.6597938144329897, 0.6610526315789473, 0.6623711340206185, 0.6649484536082474, 0.6652631578947369, 0.6673684210526316, 0.6675257731958762, 0.6695842450765864, 0.6729166666666667, 0.6736842105263158, 0.6757894736842105, 0.6783369803063457, 0.6805251641137856, 0.6884210526315789, 0.6905263157894737, 0.6914660831509847, 0.6958762886597938, 0.7010309278350515, 0.7031578947368421, 0.7036082474226805, 0.7045951859956237, 0.7061855670103093, 0.70625, 0.7073684210526315, 0.7089715536105032, 0.7111597374179431, 0.711340206185567, 0.7136842105263158, 0.7155361050328227, 0.7157894736842105, 0.7164948453608248, 0.7221006564551422, 0.7242268041237113, 0.725, 0.7268041237113402, 0.7286652078774617, 0.7308533916849015, 0.7333333333333333, 0.7352297592997812, 0.7354166666666667, 0.7416666666666667, 0.7448453608247423, 0.7494736842105263, 0.75, 0.751578947368421, 0.7527352297592997, 0.7628865979381443, 0.7654639175257731, 0.7658643326039387, 0.7729166666666667, 0.7747368421052632, 0.7809278350515464, 0.7810526315789473, 0.7835051546391752, 0.7852631578947369, 0.7873684210526316, 0.787746170678337, 0.788659793814433, 