{"accuracy": 48.16666543483734, "training_time": 457.362988948822, "epochs": 10, "final_model_history": {"accuracy": [0.3167364001274109, 0.3861924707889557, 0.44058576226234436, 0.4602510333061218, 0.4861924648284912, 0.5175732374191284, 0.5330544114112854, 0.5401673913002014, 0.5581589937210083, 0.5631799101829529], "loss": [1.4316116571426392, 1.320959448814392, 1.2312549352645874, 1.1671547889709473, 1.1302881240844727, 1.0830990076065063, 1.057862401008606, 1.0237473249435425, 1.0033255815505981, 0.9831465482711792], "val_accuracy": [0.27000001072883606, 0.34833332896232605, 0.3816666603088379, 0.40666666626930237, 0.43833333253860474, 0.46666666865348816, 0.45500001311302185, 0.4650000035762787, 0.48500001430511475, 0.4816666543483734], "val_loss": [1.384814977645874, 1.2946815490722656, 1.2479887008666992, 1.214289903640747, 1.1953833103179932, 1.1652721166610718, 1.1540179252624512, 1.164800763130188, 1.142512559890747, 1.1373687982559204]}, "class_names": ["heavy traffic", "light traffic", "moderate traffic", "no traffic"], "image_size": [512, 512], "confusion_matrix": [[14, 43, 13, 55], [16, 50, 13, 41], [12, 61, 9, 61], [25, 81, 17, 89]], "roc_curve": {"fpr": [0.0, 0.0020833333333333333, 0.002188183807439825, 0.002577319587628866, 0.00625, 0.00631578947368421, 0.007731958762886598, 0.014583333333333334, 0.016842105263157894, 0.018947368421052633, 0.02188183807439825, 0.02526315789473684, 0.027083333333333334, 0.02736842105263158, 0.029166666666666667, 0.03125, 0.0350109409190372, 0.03608247422680412, 0.041237113402061855, 0.04381443298969072, 0.04639175257731959, 0.04814004376367615, 0.04896907216494845, 0.05032822757111598, 0.05052631578947368, 0.06041666666666667, 0.06315789473684211, 0.06564551422319474, 0.06666666666666667, 0.06701030927835051, 0.06958762886597938, 0.0700218818380744, 0.07083333333333333, 0.07291666666666667, 0.07368421052631578, 0.07731958762886598, 0.0787746170678337, 0.07989690721649484, 0.08, 0.08125, 0.08210526315789474, 0.08247422680412371, 0.08315098468271334, 0.08505154639175258, 0.08762886597938144, 0.08971553610503283, 0.0968421052631579, 0.0979381443298969, 0.10284463894967177, 0.10309278350515463, 0.10722100656455143, 0.10736842105263159, 0.11368421052631579, 0.11597938144329897, 0.12083333333333333, 0.1211340206185567, 0.12628865979381443, 0.12842105263157894, 0.1368421052631579, 0.13917525773195877, 0.1400437636761488, 0.14105263157894737, 0.14166666666666666, 0.14175257731958762, 0.14690721649484537, 0.15098468271334792, 0.15206185567010308, 0.15317286652078774, 0.15368421052631578, 0.15973741794310722, 0.1705263157894737, 0.1726315789473684, 0.17291666666666666, 0.175054704595186, 0.17684210526315788, 0.18161925601750548, 0.18298969072164947, 0.18599562363238512, 0.18818380743982493, 0.19157894736842104, 0.19166666666666668, 0.1925601750547046, 0.1936842105263158, 0.1958762886597938, 0.19912472647702406, 0.2013129102844639, 0.20208333333333334, 0.20210526315789473, 0.20421052631578948, 0.20618556701030927, 0.20787746170678337, 0.20876288659793815, 0.2100656455142232, 0.212253829321663, 0.21263157894736842, 0.21458333333333332, 0.21473684210526317, 0.21649484536082475, 0.2188183807439825, 0.2210065645514223, 0.22526315789473683, 0.2268041237113402, 0.23125, 0.2375, 0.24945295404814005, 0.25257731958762886, 0.25416666666666665, 0.25601750547045954, 0.25820568927789933, 0.25833333333333336, 0.2625, 0.2706185567010309, 0.2713347921225383, 0.27291666666666664, 0.27319587628865977, 0.27571115973741794, 0.27708333333333335, 0.2809278350515464, 0.28125, 0.28350515463917525, 0.28421052631578947, 0.2860824742268041, 0.2863157894736842, 0.2875, 0.28842105263157897, 0.28865979381443296, 0.28958333333333336, 0.2912371134020619, 0.2916666666666667, 0.2926315789473684, 0.29321663019693656, 0.29473684210526313, 0.2963917525773196, 0.29894736842105263, 0.29978118161925604, 0.3015463917525773, 0.30412371134020616, 0.30833333333333335, 0.3104166666666667, 0.31443298969072164, 0.3145833333333333, 0.3150984682713348, 0.31666666666666665, 0.3170103092783505, 0.3178947368421053, 0.32, 0.32083333333333336, 0.3238512035010941, 0.32916666666666666, 0.32989690721649484, 0.33260393873085337, 0.3347921225382932, 0.33505154639175255, 0.3435448577680525, 0.3479381443298969, 0.35051546391752575, 0.35309278350515466, 0.3541666666666667, 0.3544857768052516, 0.3556701030927835, 0.36041666666666666, 0.3610503282275711, 0.3634020618556701, 0.36875, 0.37083333333333335, 0.3711340206185567, 0.37199124726477023, 0.37371134020618557, 0.37636761487964987, 0.38125, 0.3831578947368421, 0.38526315789473686, 0.3865979381443299, 0.3873684210526316, 0.39166666666666666, 0.3938730853391685, 0.3943298969072165, 0.40208333333333335, 0.4041666666666667, 0.4083333333333333, 0.40842105263157896, 0.40919037199124725, 0.4097938144329897, 0.41237113402061853, 0.4126315789473684, 0.4179431072210066, 0.4189473684210526, 0.42083333333333334, 0.4223194748358862, 0.43556701030927836, 0.44, 0.4442105263157895, 0.4484536082474227, 0.45076586433260396, 0.45103092783505155, 0.45295404814004375, 0.45618556701030927, 0.4573304157549234, 0.4610526315789474, 0.46134020618556704, 0.4638949671772429, 0.4639175257731959, 0.46649484536082475, 0.4690721649484536, 0.4742268041237113, 0.47921225382932164, 0.4793814432989691, 0.48333333333333334, 0.48711340206185566, 0.4875, 0.4884210526315789, 0.4895833333333333, 0.4896907216494845, 0.4905263157894737, 0.49226804123711343, 0.49583333333333335, 0.4968421052631579, 0.5041666666666667, 0.5076586433260394, 0.5083333333333333, 0.511578947368421, 0.5128865979381443, 0.5136842105263157, 0.5164113785557987, 0.5178947368421053, 0.520618556701031, 0.5231958762886598, 0.5251641137855579, 0.5273522975929978, 0.5291666666666667, 0.5335051546391752, 0.5360824742268041, 0.5361050328227571, 0.5368421052631579, 0.538659793814433, 0.5404814004376368, 0.5412371134020618, 0.5438144329896907, 0.5448577680525164, 0.5452631578947369, 0.5473684210526316, 0.5489690721649485, 0.5515789473684211, 0.5541666666666667, 0.5642105263157895, 0.5644329896907216, 0.5645833333333333, 0.5670103092783505, 0.5729166666666666, 0.5747422680412371, 0.5754923413566739, 0.5770833333333333, 0.5798969072164949, 0.5833333333333334, 0.5852631578947368, 0.5894736842105263, 0.5902061855670103, 0.5908096280087527, 0.5916666666666667, 0.5927835051546392, 0.5958333333333333, 0.5979381443298969, 0.6021052631578947, 0.6056701030927835, 0.6104166666666667, 0.6105263157894737, 0.6125, 0.6134020618556701, 0.6145833333333334, 0.6148796498905909, 0.6192560175054704, 0.6231578947368421, 0.6236323851203501, 0.6237113402061856, 0.625, 0.6262886597938144, 0.6270833333333333, 0.6288659793814433, 0.6294736842105263, 0.6301969365426696, 0.6333333333333333, 0.634020618556701, 0.6345733041575492, 0.6354166666666666, 0.6378947368421053, 0.6391752577319587, 0.64, 0.6417525773195877, 0.64375, 0.6442105263157895, 0.6469072164948454, 0.6479166666666667, 0.6520833333333333, 0.6547368421052632, 0.6572164948453608, 0.6586433260393874, 0.6597938144329897, 0.6610526315789473, 0.6623711340206185, 0.6652078774617067, 0.6761487964989059, 0.6770833333333334, 0.6804123711340206, 0.6827133479212254, 0.6884210526315789, 0.6916666666666667, 0.6936542669584245, 0.6958424507658644, 0.7020833333333333, 0.7045951859956237, 0.70625, 0.7087628865979382, 0.711340206185567, 0.7115789473684211, 0.7178947368421053, 0.7242105263157895, 0.725, 0.7264770240700219, 0.728421052631579, 0.7319587628865979, 0.7347368421052631, 0.7354166666666667, 0.737417943107221, 0.7395833333333334, 0.7417943107221007, 0.7448453608247423, 0.7452631578947368, 0.7458333333333333, 0.75, 0.7527352297592997, 0.7603092783505154, 0.7604166666666666, 0.7642105263157895, 0.7680412371134021, 0.7684210526315789, 0.7702407002188184, 0.770618556701031, 0.7729166666666667, 0.7747368421052632, 0.775, 0.7757731958762887, 0.7768421052631579, 0.7791666666666667, 0.7809278350515464, 0.7810526315789473, 0.7860824742268041, 0.7912371134020618, 0.7936842105263158, 