{"accuracy": 45.500001311302185, "training_time": 226.5127284526825, "epochs": 10, "final_model_history": {"accuracy": [0.3133891224861145, 0.3715481162071228, 0.4330543875694275, 0.45355647802352905, 0.46401673555374146, 0.4941422641277313, 0.5016736388206482, 0.5259414315223694, 0.545188307762146, 0.5514644384384155], "loss": [1.9157263040542603, 1.71464204788208, 1.5496951341629028, 1.4507830142974854, 1.387089490890503, 1.3150608539581299, 1.2529593706130981, 1.2197871208190918, 1.1563175916671753, 1.1504006385803223], "val_accuracy": [0.3383333384990692, 0.3766666650772095, 0.3933333456516266, 0.4333333373069763, 0.4516666531562805, 0.4416666626930237, 0.4466666579246521, 0.46000000834465027, 0.46000000834465027, 0.45500001311302185], "val_loss": [1.5789930820465088, 1.4216371774673462, 1.3762670755386353, 1.323596477508545, 1.3123414516448975, 1.3086258172988892, 1.2943698167800903, 1.2697432041168213, 1.2762038707733154, 1.2573939561843872]}, "class_names": ["heavy traffic", "light traffic", "moderate traffic", "no traffic"], "image_size": [128, 128], "confusion_matrix": [[13, 46, 20, 46], [14, 52, 13, 41], [10, 71, 18, 44], [24, 78, 29, 81]], "roc_curve": {"fpr": [0.0, 0.0020833333333333333, 0.002105263157894737, 0.002188183807439825, 0.002577319587628866, 0.004166666666666667, 0.00437636761487965, 0.005154639175257732, 0.00631578947368421, 0.006564551422319475, 0.007731958762886598, 0.008421052631578947, 0.0087527352297593, 0.010940919037199124, 0.01804123711340206, 0.018947368421052633, 0.020618556701030927, 0.0262582056892779, 0.028350515463917526, 0.029473684210526315, 0.0350109409190372, 0.0375, 0.03865979381443299, 0.041237113402061855, 0.04375, 0.04381443298969072, 0.04631578947368421, 0.04639175257731959, 0.04814004376367615, 0.04842105263157895, 0.05, 0.05154639175257732, 0.05263157894736842, 0.05416666666666667, 0.061855670103092786, 0.0625, 0.06345733041575492, 0.06736842105263158, 0.07157894736842105, 0.07216494845360824, 0.07474226804123711, 0.07731958762886598, 0.0787746170678337, 0.08096280087527352, 0.08125, 0.08247422680412371, 0.08315098468271334, 0.08533916849015317, 0.0863157894736842, 0.08762886597938144, 0.08842105263157894, 0.09020618556701031, 0.09166666666666666, 0.09263157894736843, 0.09536082474226804, 0.0968421052631579, 0.09791666666666667, 0.09894736842105263, 0.10309278350515463, 0.10526315789473684, 0.1056701030927835, 0.10824742268041238, 0.10947368421052632, 0.11597374179431072, 0.1211340206185567, 0.12291666666666666, 0.12628865979381443, 0.13347921225382933, 0.13894736842105262, 0.13917525773195877, 0.14105263157894737, 0.14175257731958762, 0.14432989690721648, 0.14526315789473684, 0.14583333333333334, 0.14690721649484537, 0.14736842105263157, 0.15, 0.15157894736842106, 0.15368421052631578, 0.15463917525773196, 0.15625, 0.15721649484536082, 0.15833333333333333, 0.16, 0.16411378555798686, 0.16494845360824742, 0.16630196936542668, 0.16849015317286653, 0.1705263157894737, 0.17067833698030635, 0.17083333333333334, 0.1726315789473684, 0.17268041237113402, 0.17291666666666666, 0.17525773195876287, 0.17783505154639176, 0.18041237113402062, 0.18125, 0.18161925601750548, 0.18526315789473685, 0.18556701030927836, 0.18958333333333333, 0.19157894736842104, 0.19329896907216496, 0.1958762886597938, 0.19845360824742267, 0.19912472647702406, 0.20208333333333334, 0.20568927789934355, 0.20833333333333334, 0.21041666666666667, 0.21052631578947367, 0.211340206185567, 0.21473684210526317, 0.21649484536082475, 0.21663019693654267, 0.21894736842105264, 0.2190721649484536, 0.22083333333333333, 0.2275711159737418, 0.23541666666666666, 0.2363238512035011, 0.24507658643326038, 0.2520833333333333, 0.25257731958762886, 0.25263157894736843, 0.25416666666666665, 0.2551546391752577, 0.25601750547045954, 0.25684210526315787, 0.25773195876288657, 0.2604166666666667, 0.2654639175257732, 0.26875, 0.2694736842105263, 0.2713347921225383, 0.27835051546391754, 0.2809278350515464, 0.28210526315789475, 0.2833333333333333, 0.28842105263157897, 0.2888402625820569, 0.28958333333333336, 0.2910284463894967, 0.2912371134020619, 0.2926315789473684, 0.2975929978118162, 0.3, 0.30105263157894735, 0.30196936542669583, 0.30412371134020616, 0.30526315789473685, 0.30736842105263157, 0.30927835051546393, 0.3094736842105263, 0.3118556701030928, 0.31291028446389496, 0.31443298969072164, 0.3170103092783505, 0.3172866520787746, 0.31875, 0.31958762886597936, 0.32210526315789473, 0.32916666666666666, 0.3304157549234136, 0.33263157894736844, 0.33473684210526317, 0.33698030634573306, 0.33762886597938147, 0.3416666666666667, 0.3431578947368421, 0.3458333333333333, 0.3479212253829322, 0.3479381443298969, 0.35157894736842105, 0.35309278350515466, 0.35625, 0.3582474226804124, 0.36210526315789476, 0.3625, 0.3642105263157895, 0.3711340206185567, 0.37199124726477023, 0.3729166666666667, 0.3741794310722101, 0.37628865979381443, 0.37636761487964987, 0.3785557986870897, 0.38293216630196936, 0.3873684210526316, 0.38917525773195877, 0.38958333333333334, 0.39166666666666666, 0.39375, 0.3943298969072165, 0.3957894736842105, 0.4020618556701031, 0.4041666666666667, 0.40463917525773196, 0.40700218818380746, 0.41041666666666665, 0.41458333333333336, 0.41494845360824745, 0.42010309278350516, 0.43041237113402064, 0.43125, 0.43326039387308535, 0.43544857768052514, 0.43556701030927836, 0.4357894736842105, 0.43982494529540483, 0.44072164948453607, 0.4420131291028446, 0.45103092783505155, 0.4610526315789474, 0.4617067833698031, 0.4660831509846827, 0.46649484536082475, 0.4682713347921225, 0.46875, 0.4708333333333333, 0.47164948453608246, 0.47368421052631576, 0.475, 0.47680412371134023, 0.47921225382932164, 0.4793814432989691, 0.4814004376367615, 0.48210526315789476, 0.4875, 0.4895833333333333, 0.49166666666666664, 0.49375, 0.49671772428884026, 0.5010526315789474, 0.5025773195876289, 0.5032822757111597, 0.5076586433260394, 0.5077319587628866, 0.5120350109409191, 0.5128865979381443, 0.5207877461706784, 0.5242105263157895, 0.525, 0.5257731958762887, 0.5273522975929978, 0.5309278350515464, 0.5335051546391752, 0.5361050328227571, 0.54375, 0.5438144329896907, 0.5470459518599562, 0.5492341356673961, 0.5514223194748359, 0.5536105032822757, 0.5557986870897156, 0.56, 0.5604166666666667, 0.5618556701030928, 0.5645514223194749, 0.5645833333333333, 0.5670103092783505, 0.5684210526315789, 0.5708333333333333, 0.5711159737417943, 0.5726315789473684, 0.5729166666666666, 0.5770833333333333, 0.5789473684210527, 0.5791666666666667, 0.5810526315789474, 0.58125, 0.5824742268041238, 0.5831578947368421, 0.5842450765864332, 0.5873684210526315, 0.5936842105263158, 0.59375, 0.5951859956236324, 0.5958333333333333, 0.6, 0.6020833333333333, 0.6061269146608315, 0.6082474226804123, 0.6083150984682714, 0.6108247422680413, 0.6126315789473684, 0.6134020618556701, 0.6147368421052631, 0.6166666666666667, 0.6168421052631579, 0.6192560175054704, 0.6211340206185567, 0.6214442013129103, 0.6236323851203501, 0.6262886597938144, 0.6291666666666667, 0.634020618556701, 0.6389496717724289, 0.6391752577319587, 0.6416666666666667, 0.6417525773195877, 0.6442105263157895, 0.6455142231947484, 0.6542669584245077, 0.6625, 0.6630196936542669, 0.6631578947368421, 0.6701030927835051, 0.6717724288840262, 0.6726804123711341, 0.6736842105263158, 0.6739606126914661, 0.6778350515463918, 0.6827133479212254, 0.6829896907216495, 0.6833333333333333, 0.6892778993435449, 0.6984536082474226, 0.7020833333333333, 0.7052631578947368, 0.7061855670103093, 0.70625, 0.7087628865979382, 0.7104166666666667, 0.7136842105263158, 0.7139175257731959, 0.7190721649484536, 0.7216494845360825, 0.7242888402625821, 0.7264770240700219, 0.7319587628865979, 0.7330415754923414, 0.7347368421052631, 0.7395833333333334, 0.74375, 0.7439824945295405, 0.7452631578947368, 0.7473684210526316, 0.75, 0.7549234135667396, 0.7557894736842106, 0.75625, 0.7577319587628866, 0.76, 0.7628865979381443, 0.7642105263157895, 0.7654639175257731, 0.7726315789473684, 0.7747368421052632, 0.7757731958762887, 