{"accuracy": 38.333332538604736, "training_time": 411.0307264328003, "epochs": 10, "final_model_history": {"accuracy": [0.29205021262168884, 0.30334728956222534, 0.29205021262168884, 0.3158995807170868, 0.3221757411956787, 0.31548118591308594, 0.32426777482032776, 0.31129705905914307, 0.3351464569568634, 0.32426777482032776], "loss": [2.197681188583374, 2.1197807788848877, 2.008754253387451, 1.9076865911483765, 1.8188010454177856, 1.800642490386963, 1.7212703227996826, 1.6758122444152832, 1.5986860990524292, 1.5685598850250244], "val_accuracy": [0.34833332896232605, 0.3100000023841858, 0.35333332419395447, 0.35333332419395447, 0.351666659116745, 0.20000000298023224, 0.375, 0.2316666692495346, 0.38499999046325684, 0.38333332538604736], "val_loss": [1.5827959775924683, 1.5496790409088135, 1.4506915807724, 1.4752676486968994, 1.4826551675796509, 1.453263521194458, 1.382940411567688, 1.3759936094284058, 1.3352596759796143, 1.3400907516479492]}, "class_names": ["heavy traffic", "light traffic", "moderate traffic", "no traffic"], "image_size": [512, 512], "confusion_matrix": [[4, 6, 1, 114], [6, 3, 0, 111], [1, 6, 4, 132], [9, 16, 1, 186]], "roc_curve": {"fpr": [0.0, 0.0020833333333333333, 0.002105263157894737, 0.002188183807439825, 0.002577319587628866, 0.00625, 0.008421052631578947, 0.010416666666666666, 0.010526315789473684, 0.01804123711340206, 0.021052631578947368, 0.02188183807439825, 0.02577319587628866, 0.0262582056892779, 0.028350515463917526, 0.030634573304157548, 0.0350109409190372, 0.035789473684210524, 0.03608247422680412, 0.03865979381443299, 0.03938730853391685, 0.041666666666666664, 0.04375, 0.04381443298969072, 0.04583333333333333, 0.05032822757111598, 0.05689277899343545, 0.058333333333333334, 0.059278350515463915, 0.061052631578947365, 0.06443298969072164, 0.06666666666666667, 0.06701030927835051, 0.06783369803063458, 0.0700218818380744, 0.07708333333333334, 0.07731958762886598, 0.07789473684210527, 0.0787746170678337, 0.08, 0.08315098468271334, 0.08505154639175258, 0.08958333333333333, 0.09473684210526316, 0.09583333333333334, 0.09791666666666667, 0.0979381443298969, 0.10736842105263159, 0.11082474226804123, 0.11157894736842106, 0.1125, 0.11597374179431072, 0.1211340206185567, 0.12421052631578948, 0.12886597938144329, 0.13402061855670103, 0.14166666666666666, 0.1431578947368421, 0.14375, 0.14660831509846828, 0.15206185567010308, 0.15721649484536082, 0.1575492341356674, 0.15973741794310722, 0.16210526315789472, 0.16458333333333333, 0.1705263157894737, 0.17708333333333334, 0.17783505154639176, 0.17894736842105263, 0.1838074398249453, 0.18599562363238512, 0.19166666666666668, 0.19583333333333333, 0.19845360824742267, 0.2, 0.2036082474226804, 0.20568927789934355, 0.20618556701030927, 0.20842105263157895, 0.21052631578947367, 0.211340206185567, 0.21263157894736842, 0.21473684210526317, 0.22319474835886213, 0.22422680412371135, 0.2275711159737418, 0.2294736842105263, 0.23541666666666666, 0.2375, 0.23789473684210527, 0.23969072164948454, 0.24484536082474226, 0.24742268041237114, 0.2505263157894737, 0.25601750547045954, 0.25625, 0.25894736842105265, 0.2625, 0.2631578947368421, 0.2647702407002188, 0.2654639175257732, 0.26666666666666666, 0.26695842450765866, 0.26804123711340205, 0.27319587628865977, 0.2800875273522976, 0.2863157894736842, 0.28665207877461707, 0.2910284463894967, 0.29381443298969073, 0.2968421052631579, 0.29896907216494845, 0.3, 0.30412371134020616, 0.3041575492341357, 0.30833333333333335, 0.3085339168490153, 0.30927835051546393, 0.31072210065645517, 0.3125, 0.31291028446389496, 0.3145833333333333, 0.3157894736842105, 0.31958762886597936, 0.32166301969365424, 0.32210526315789473, 0.32216494845360827, 0.3229166666666667, 0.3238512035010941, 0.32421052631578945, 0.3247422680412371, 0.327319587628866, 0.32989690721649484, 0.33505154639175255, 0.3368421052631579, 0.3375, 0.33762886597938147, 0.33958333333333335, 0.3435448577680525, 0.34375, 0.3473684210526316, 0.34791666666666665, 0.3522975929978118, 0.3541666666666667, 0.35578947368421054, 0.3588621444201313, 0.3610503282275711, 0.3634020618556701, 0.36597938144329895, 0.3676148796498906, 0.3684210526315789, 0.37083333333333335, 0.3711340206185567, 0.37371134020618557, 0.37628865979381443, 0.37636761487964987, 0.37684210526315787, 0.3770833333333333, 0.3788659793814433, 0.38074398249452956, 0.38125, 0.38144329896907214, 0.3831578947368421, 0.38402061855670105, 0.38917525773195877, 0.3894736842105263, 0.38949671772428884, 0.4, 0.40210526315789474, 0.40463917525773196, 0.4083333333333333, 0.4097938144329897, 0.41237113402061853, 0.4168421052631579, 0.42010309278350516, 0.4223194748358862, 0.424507658643326, 0.4252577319587629, 0.42526315789473684, 0.42783505154639173, 0.43041237113402064, 0.4310722100656455, 0.43125, 0.43556701030927836, 0.4381443298969072, 0.44072164948453607, 0.44375, 0.4484536082474227, 0.45263157894736844, 0.45295404814004375, 0.4536082474226804, 0.45618556701030927, 0.4573304157549234, 0.4583333333333333, 0.4617067833698031, 0.4625, 0.4652631578947368, 0.4694736842105263, 0.4708333333333333, 0.4742268041237113, 0.4793814432989691, 0.48125, 0.4814004376367615, 0.4845360824742268, 0.4895833333333333, 0.4905263157894737, 0.4923413566739606, 0.4926315789473684, 0.49473684210526314, 0.49742268041237114, 0.5, 0.5032822757111597, 0.5051546391752577, 0.5054704595185996, 0.50625, 0.5083333333333333, 0.5136842105263157, 0.5157894736842106, 0.5164113785557987, 0.52, 0.5242105263157895, 0.5257731958762887, 0.5284210526315789, 0.5309278350515464, 0.5354166666666667, 0.5360824742268041, 0.5426695842450766, 0.5438144329896907, 0.5458333333333333, 0.5492341356673961, 0.5515789473684211, 0.5541237113402062, 0.5618556701030928, 0.5621052631578948, 0.5642105263157895, 0.5644329896907216, 0.5663157894736842, 0.5666666666666667, 0.5670103092783505, 0.56875, 0.5721649484536082, 0.5726315789473684, 0.5754923413566739, 0.5768421052631579, 0.5770833333333333, 0.5791666666666667, 0.5810526315789474, 0.5824742268041238, 0.5833333333333334, 0.5850515463917526, 0.5916666666666667, 0.5951859956236324, 0.595360824742268, 0.5957894736842105, 0.6, 0.6005154639175257, 0.6017505470459519, 0.6021052631578947, 0.6030927835051546, 0.6039387308533917, 0.6104166666666667, 0.6108247422680413, 0.6125, 0.6126315789473684, 0.612691466083151, 0.6185567010309279, 0.6236323851203501, 0.6258205689277899, 0.6273684210526316, 0.6280087527352297, 0.6333333333333333, 0.6336842105263157, 0.634020618556701, 0.6354166666666666, 0.6389496717724289, 0.6391752577319587, 0.6411378555798687, 0.6421052631578947, 0.64375, 0.649890590809628, 0.6505263157894737, 0.6572164948453608, 0.6589473684210526, 0.6597938144329897, 0.6625, 0.6631578947368421, 0.6649484536082474, 0.6666666666666666, 0.6694736842105263, 0.6739606126914661, 0.6752577319587629, 0.6778350515463918, 0.6778947368421052, 0.6791666666666667, 0.6804123711340206, 0.6833333333333333, 0.6863157894736842, 0.6881443298969072, 0.6958333333333333, 0.6958762886597938, 0.6989473684210527, 0.7083333333333334, 0.7089715536105032, 0.7133479212253829, 0.7136842105263158, 0.7157894736842105, 0.7164948453608248, 0.7166666666666667, 0.7190721649484536, 0.72, 0.7216494845360825, 0.725, 0.7270833333333333, 0.7319587628865979, 0.7326315789473684, 0.7396907216494846, 0.7417943107221007, 0.7448453608247423, 0.7461706783369803, 0.7473684210526316, 0.751578947368421, 0.7525773195876289, 0.7571115973741794, 0.7603092783505154, 0.7680412371134021, 0.770618556701031, 0.7708333333333334, 0.7731958762886598, 0.7768052516411379, 0.7809278350515464, 0.7810526315789473, 0.7833698030634574, 0.788659793814433, 0.7899343544857768, 0.79375, 0.7957894736842105, 0.7958333333333333, 0.7963917525773195, 0.7978947368421052, 0.7979166666666667, 0.7986870897155361, 0.7989690721649485, 0.8052516411378556, 0.80625, 0.8067010309278351, 0.8083333333333333, 0.8084210526315789, 0.8092783505154639, 0.8105263157894737, 0.811816192560175, 0.8118556701030928, 0.8144329896907216, 0.8221649484536082, 