{"accuracy": 33.16666781902313, "training_time": 208.8537769317627, "epochs": 10, "final_model_history": {"accuracy": [0.32092049717903137, 0.3192468583583832, 0.33012551069259644, 0.34937238693237305, 0.34309622645378113, 0.34351465106010437, 0.34937238693237305, 0.34853556752204895, 0.35732218623161316, 0.35020920634269714], "loss": [1.5242246389389038, 1.4069842100143433, 1.3762919902801514, 1.3540493249893188, 1.3504897356033325, 1.3490231037139893, 1.3491460084915161, 1.3290072679519653, 1.3214420080184937, 1.3187634944915771], "val_accuracy": [0.35333332419395447, 0.35333332419395447, 0.3333333432674408, 0.3083333373069763, 0.2133333384990692, 0.273333340883255, 0.273333340883255, 0.2750000059604645, 0.3050000071525574, 0.3316666781902313], "val_loss": [1.3791146278381348, 1.3833653926849365, 1.402590274810791, 1.4073915481567383, 1.4131503105163574, 1.4094845056533813, 1.4055657386779785, 1.4060786962509155, 1.4044934511184692, 1.4012417793273926]}, "class_names": ["heavy traffic", "light traffic", "moderate traffic", "no traffic"], "image_size": [128, 128], "confusion_matrix": [[0, 45, 0, 80], [0, 43, 0, 77], [0, 44, 0, 99], [0, 66, 0, 146]], "roc_curve": {"fpr": [0.0, 0.002188183807439825, 0.006564551422319475, 0.0087527352297593, 0.0125, 0.01263157894736842, 0.01875, 0.023195876288659795, 0.02526315789473684, 0.030927835051546393, 0.031578947368421054, 0.03282275711159737, 0.03865979381443299, 0.04, 0.04157549234135667, 0.04842105263157895, 0.04896907216494845, 0.05154639175257732, 0.058333333333333334, 0.05894736842105263, 0.059278350515463915, 0.061052631578947365, 0.061855670103092786, 0.0625, 0.06315789473684211, 0.06564551422319474, 0.06701030927835051, 0.0700218818380744, 0.07083333333333333, 0.07157894736842105, 0.07216494845360824, 0.07439824945295405, 0.07474226804123711, 0.07989690721649484, 0.08210526315789474, 0.08315098468271334, 0.08333333333333333, 0.08541666666666667, 0.0863157894736842, 0.08762886597938144, 0.09190371991247265, 0.09536082474226804, 0.0968421052631579, 0.09791666666666667, 0.1, 0.10105263157894737, 0.10208333333333333, 0.1056701030927835, 0.10625, 0.10722100656455143, 0.10736842105263159, 0.11458333333333333, 0.11875, 0.12631578947368421, 0.12886597938144329, 0.13125, 0.13263157894736843, 0.13333333333333333, 0.13659793814432988, 0.13917525773195877, 0.1400437636761488, 0.1431578947368421, 0.14432989690721648, 0.14660831509846828, 0.15098468271334792, 0.15206185567010308, 0.15368421052631578, 0.16, 0.16237113402061856, 0.16666666666666666, 0.16752577319587628, 0.16849015317286653, 0.17067833698030635, 0.17083333333333334, 0.17291666666666666, 0.175, 0.17783505154639176, 0.17916666666666667, 0.18105263157894738, 0.18526315789473685, 0.18599562363238512, 0.19375, 0.19474835886214442, 0.1958762886597938, 0.19845360824742267, 0.20350109409190373, 0.2036082474226804, 0.20618556701030927, 0.2063157894736842, 0.211340206185567, 0.22291666666666668, 0.2231578947368421, 0.22319474835886213, 0.22422680412371135, 0.2268041237113402, 0.22708333333333333, 0.22938144329896906, 0.23195876288659795, 0.2336842105263158, 0.2345360824742268, 0.23851203501094093, 0.23958333333333334, 0.23969072164948454, 0.24070021881838075, 0.2422680412371134, 0.24726477024070023, 0.24742268041237114, 0.24842105263157896, 0.24945295404814005, 0.25, 0.2505263157894737, 0.25164113785557984, 0.25473684210526315, 0.25773195876288657, 0.2603092783505155, 0.26258205689277897, 0.26458333333333334, 0.2654639175257732, 0.26804123711340205, 0.26875, 0.26914660831509846, 0.2706185567010309, 0.27291666666666664, 0.27319587628865977, 0.27571115973741794, 0.27708333333333335, 0.27835051546391754, 0.28, 0.2809278350515464, 0.28125, 0.28210526315789475, 0.28227571115973743, 0.28541666666666665, 0.28865979381443296, 0.2888402625820569, 0.2910284463894967, 0.2912371134020619, 0.29321663019693656, 0.29473684210526313, 0.2963917525773196, 0.2968421052631579, 0.29978118161925604, 0.30196936542669583, 0.30412371134020616, 0.30670103092783507, 0.31072210065645517, 0.3118556701030928, 0.31443298969072164, 0.3172866520787746, 0.31958762886597936, 0.32083333333333336, 0.32210526315789473, 0.3238512035010941, 0.32989690721649484, 0.33260393873085337, 0.33263157894736844, 0.3333333333333333, 0.33505154639175255, 0.33698030634573306, 0.3389473684210526, 0.3427835051546392, 0.35208333333333336, 0.3541666666666667, 0.35667396061269147, 0.3634020618556701, 0.37083333333333335, 0.37199124726477023, 0.3726315789473684, 0.3729166666666667, 0.375, 0.37628865979381443, 0.37636761487964987, 0.3788659793814433, 0.37894736842105264, 0.38074398249452956, 0.38333333333333336, 0.3865979381443299, 0.3894736842105263, 0.38949671772428884, 0.391578947368421, 0.3943298969072165, 0.39948453608247425, 0.4, 0.4020618556701031, 0.40208333333333335, 0.40421052631578946, 0.4097938144329897, 0.41237113402061853, 0.41494845360824745, 0.4189473684210526, 0.4201312910284464, 0.4223194748358862, 0.424507658643326, 0.42669584245076586, 0.4310722100656455, 0.43125, 0.4329896907216495, 0.43326039387308535, 0.4354166666666667, 0.4357894736842105, 0.4378947368421053, 0.4381443298969072, 0.4395833333333333, 0.44, 0.44375, 0.4442013129102845, 0.4479166666666667, 0.44842105263157894, 0.45076586433260396, 0.4536082474226804, 0.45416666666666666, 0.4551422319474836, 0.4587628865979381, 0.4682713347921225, 0.4690721649484536, 0.47157894736842104, 0.4726477024070022, 0.47291666666666665, 0.474835886214442, 0.47702407002188185, 0.4791666666666667, 0.4793814432989691, 0.4814004376367615, 0.48577680525164113, 0.4884210526315789, 0.49452954048140046, 0.49742268041237114, 0.5, 0.5025773195876289, 0.5076586433260394, 0.5094736842105263, 0.5128865979381443, 0.5142231947483589, 0.5154639175257731, 0.5164113785557987, 0.5178947368421053, 0.52, 0.5207877461706784, 0.5208333333333334, 0.5221052631578947, 0.5229166666666667, 0.5229759299781181, 0.5263157894736842, 0.5291666666666667, 0.53125, 0.5335051546391752, 0.5448577680525164, 0.5463917525773195, 0.5473684210526316, 0.5541237113402062, 0.5557894736842105, 0.5557986870897156, 0.55625, 0.5567010309278351, 0.5579868708971554, 0.5592783505154639, 0.5601750547045952, 0.5645514223194749, 0.5695876288659794, 0.5711159737417943, 0.5747422680412371, 0.5754923413566739, 0.5768421052631579, 0.5798687089715536, 0.58125, 0.5842450765864332, 0.5908096280087527, 0.5927835051546392, 0.595360824742268, 0.5979166666666667, 0.5979381443298969, 0.6, 0.6017505470459519, 0.6020833333333333, 0.6056701030927835, 0.6061269146608315, 0.6082474226804123, 0.6105032822757112, 0.6148796498905909, 0.615979381443299, 0.6166666666666667, 0.6170678336980306, 0.6192560175054704, 0.6229166666666667, 0.6258205689277899, 0.6262886597938144, 0.63125, 0.6336842105263157, 0.634020618556701, 0.6357894736842106, 0.6389496717724289, 0.6391752577319587, 0.6395833333333333, 0.64, 0.6416666666666667, 0.6417525773195877, 0.6494845360824743, 0.6520618556701031, 0.6564551422319475, 0.6568421052631579, 0.6572164948453608, 0.6583333333333333, 0.6597938144329897, 0.6608315098468271, 0.6673684210526316, 0.6708333333333333, 0.6729166666666667, 0.6739606126914661, 0.6842105263157895, 0.6849015317286652, 0.6855670103092784, 0.6892778993435449, 0.6905263157894737, 0.6916666666666667, 0.700218818380744, 0.70625, 0.7073684210526315, 0.7111597374179431, 0.7133479212253829, 0.7164948453608248, 0.7208333333333333, 0.7216494845360825, 0.7221052631578947, 0.7229166666666667, 0.7308533916849015, 0.73125, 0.7354166666666667, 0.7368421052631579, 0.7396907216494846, 0.7416666666666667, 0.74375, 0.7448453608247423, 0.7474226804123711, 0.7483588621444202, 0.7494736842105263, 0.75625, 0.7614879649890591, 0.7628865979381443, 0.7654639175257731, 0.7663157894736842, 0.7684210526315789, 0.76875, 0.770618556701031, 0.7747368421052632, 0.7768421052631579, 0.7810526315789473, 0.7833698030634574, 0.7852631578947369, 0.7894736842105263, 0.7916666666666666, 0.7936842105263158, 0.7938144329896907, 0.7958333333333333, 0.7979166666666667, 