{"accuracy": 33.50000083446503, "training_time": 217.68593525886536, "epochs": 10, "final_model_history": {"accuracy": [0.25481170415878296, 0.3213389217853546, 0.317573219537735, 0.31631800532341003, 0.3196652829647064, 0.35481172800064087, 0.3531380891799927, 0.33389121294021606, 0.35271966457366943, 0.3481171429157257], "loss": [1.8420571088790894, 1.5341755151748657, 1.5147724151611328, 1.480724811553955, 1.4412707090377808, 1.3986191749572754, 1.3872400522232056, 1.3832899332046509, 1.3396862745285034, 1.3375433683395386], "val_accuracy": [0.20333333313465118, 0.35499998927116394, 0.3566666543483734, 0.3566666543483734, 0.36500000953674316, 0.3583333194255829, 0.3616666793823242, 0.3683333396911621, 0.37166666984558105, 0.33500000834465027], "val_loss": [1.4616953134536743, 1.447478175163269, 1.425525188446045, 1.399169921875, 1.4072519540786743, 1.3724490404129028, 1.3760286569595337, 1.363753080368042, 1.3456904888153076, 1.3561806678771973]}, "class_names": ["heavy traffic", "light traffic", "moderate traffic", "no traffic"], "image_size": [256, 256], "confusion_matrix": [[2, 84, 0, 39], [2, 74, 0, 44], [0, 90, 0, 53], [3, 135, 0, 74]], "roc_curve": {"fpr": [0.0, 0.0020833333333333333, 0.002105263157894737, 0.002188183807439825, 0.002577319587628866, 0.00437636761487965, 0.00631578947368421, 0.007731958762886598, 0.008421052631578947, 0.0087527352297593, 0.016842105263157894, 0.020833333333333332, 0.02188183807439825, 0.028350515463917526, 0.030927835051546393, 0.03350515463917526, 0.035416666666666666, 0.037199124726477024, 0.04381443298969072, 0.04583333333333333, 0.045951859956236324, 0.04639175257731959, 0.05052631578947368, 0.05412371134020619, 0.05625, 0.05670103092783505, 0.056842105263157895, 0.05689277899343545, 0.058333333333333334, 0.05894736842105263, 0.059278350515463915, 0.0625, 0.06443298969072164, 0.06666666666666667, 0.07216494845360824, 0.07474226804123711, 0.07578947368421053, 0.07708333333333334, 0.07731958762886598, 0.08247422680412371, 0.08333333333333333, 0.08533916849015317, 0.087527352297593, 0.08971553610503283, 0.09278350515463918, 0.0968421052631579, 0.0979381443298969, 0.10051546391752578, 0.10065645514223195, 0.10105263157894737, 0.10309278350515463, 0.10416666666666667, 0.10736842105263159, 0.10947368421052632, 0.11159737417943107, 0.1125, 0.11578947368421053, 0.12, 0.12210526315789473, 0.12708333333333333, 0.13402061855670103, 0.1368421052631579, 0.1375, 0.13894736842105262, 0.14175257731958762, 0.14432989690721648, 0.14526315789473684, 0.14583333333333334, 0.14690721649484537, 0.15098468271334792, 0.15206185567010308, 0.15463917525773196, 0.15721649484536082, 0.15973741794310722, 0.16411378555798686, 0.16458333333333333, 0.16494845360824742, 0.16842105263157894, 0.16849015317286653, 0.17286652078774617, 0.175054704595186, 0.18041237113402062, 0.18333333333333332, 0.18541666666666667, 0.18556701030927836, 0.18599562363238512, 0.19157894736842104, 0.19166666666666668, 0.19329896907216496, 0.1958762886597938, 0.19693654266958424, 0.19791666666666666, 0.19912472647702406, 0.2, 0.20103092783505155, 0.20416666666666666, 0.20618556701030927, 0.20787746170678337, 0.20842105263157895, 0.211340206185567, 0.21444201312910285, 0.21458333333333332, 0.22105263157894736, 0.22526315789473683, 0.22708333333333333, 0.2275711159737418, 0.22938144329896906, 0.2336842105263158, 0.2345360824742268, 0.2363238512035011, 0.24288840262582057, 0.24421052631578946, 0.24583333333333332, 0.24842105263157896, 0.25, 0.25164113785557984, 0.25263157894736843, 0.25416666666666665, 0.25473684210526315, 0.25773195876288657, 0.25820568927789933, 0.2603092783505155, 0.2625, 0.2647702407002188, 0.26875, 0.26914660831509846, 0.27157894736842103, 0.27571115973741794, 0.2757731958762887, 0.28350515463917525, 0.2860824742268041, 0.2863157894736842, 0.28842105263157897, 0.2912371134020619, 0.2926315789473684, 0.2963917525773196, 0.2968421052631579, 0.29791666666666666, 0.30105263157894735, 0.3020833333333333, 0.30412371134020616, 0.30416666666666664, 0.30927835051546393, 0.31072210065645517, 0.3136842105263158, 0.31443298969072164, 0.3150984682713348, 0.3172866520787746, 0.31958762886597936, 0.32166301969365424, 0.3229166666666667, 0.32421052631578945, 0.325, 0.32916666666666666, 0.33541666666666664, 0.33762886597938147, 0.3413566739606127, 0.3435448577680525, 0.35157894736842105, 0.3556701030927835, 0.3588621444201313, 0.36, 0.3642105263157895, 0.3676148796498906, 0.3705263157894737, 0.3726315789473684, 0.37473684210526315, 0.37628865979381443, 0.37636761487964987, 0.3785557986870897, 0.37894736842105264, 0.38402061855670105, 0.3854166666666667, 0.387308533916849, 0.3873684210526316, 0.3875, 0.391578947368421, 0.39375, 0.3957894736842105, 0.39948453608247425, 0.4, 0.40208333333333335, 0.4063157894736842, 0.41237113402061853, 0.4126315789473684, 0.41494845360824745, 0.4168421052631579, 0.4179431072210066, 0.4231578947368421, 0.424507658643326, 0.425, 0.42669584245076586, 0.42736842105263156, 0.4288840262582057, 0.43041237113402064, 0.4329896907216495, 0.4354166666666667, 0.43556701030927836, 0.4357894736842105, 0.43982494529540483, 0.44072164948453607, 0.44166666666666665, 0.44587628865979384, 0.44638949671772427, 0.45, 0.45052631578947366, 0.4551422319474836, 0.4568421052631579, 0.4690721649484536, 0.474835886214442, 0.47680412371134023, 0.47702407002188185, 0.4791666666666667, 0.47921225382932164, 0.48, 0.48125, 0.4814004376367615, 0.48195876288659795, 0.48333333333333334, 0.4845360824742268, 0.4884210526315789, 0.49166666666666664, 0.4923413566739606, 0.4926315789473684, 0.49375, 0.4948453608247423, 0.4968421052631579, 0.4989059080962801, 0.5010940919037199, 0.5025773195876289, 0.5032822757111597, 0.5041666666666667, 0.5051546391752577, 0.511578947368421, 0.5125, 0.5128865979381443, 0.5136842105263157, 0.5142231947483589, 0.5154639175257731, 0.51875, 0.52, 0.5231958762886598, 0.5257731958762887, 0.5283505154639175, 0.5284210526315789, 0.5317286652078774, 0.5339168490153173, 0.5360824742268041, 0.5382932166301969, 0.5489690721649485, 0.5515463917525774, 0.5601750547045952, 0.5618556701030928, 0.5667396061269147, 0.5689277899343544, 0.5708333333333333, 0.5721649484536082, 0.5726315789473684, 0.5776805251641138, 0.5810526315789474, 0.5833333333333334, 0.5842450765864332, 0.5886214442013129, 0.5927835051546392, 0.5979381443298969, 0.6005154639175257, 0.6030927835051546, 0.6041666666666666, 0.6061269146608315, 0.6083150984682714, 0.608421052631579, 0.612691466083151, 0.6134020618556701, 0.6166666666666667, 0.6192560175054704, 0.6208333333333333, 0.6210526315789474, 0.6236323851203501, 0.6237113402061856, 0.6252631578947369, 0.6288659793814433, 0.6367614879649891, 0.6375, 0.6443298969072165, 0.6469072164948454, 0.6520618556701031, 0.6526315789473685, 0.6541666666666667, 0.6586433260393874, 0.6610526315789473, 0.6623711340206185, 0.6649484536082474, 0.6652078774617067, 0.6666666666666666, 0.6695842450765864, 0.6726804123711341, 0.6736842105263158, 0.675, 0.6761487964989059, 0.6778350515463918, 0.68125, 0.6827133479212254, 0.6829896907216495, 0.6842105263157895, 0.6863157894736842, 0.6875, 0.6907216494845361, 0.6958424507658644, 0.6968421052631579, 0.6989473684210527, 0.7, 0.7010309278350515, 0.7036082474226805, 0.7045951859956237, 0.7061855670103093, 0.7087628865979382, 0.7139175257731959, 0.7177242888402626, 0.7190721649484536, 0.72, 0.7229166666666667, 0.7264770240700219, 0.7268041237113402, 0.729381443298969, 0.7308533916849015, 0.7354166666666667, 0.7368421052631579, 0.7371134020618557, 0.7389473684210527, 0.7410526315789474, 0.7474226804123711, 0.7494736842105263, 0.7557894736842106, 0.75625, 0.7603092783505154, 0.7621052631578947, 0.7628865979381443, 0.7636761487964989, 0.7680525164113785, 0.76875, 0.7702407002188184, 0.7747368421052632, 0.7757731958762887, 0.7770833333333333, 0.7783505154639175, 0.7809278350515464, 0.7811816192560175, 0.7833698030634574, 0.7835051546391752, 0.7854166666666667, 0.7873684210526316, 0.788659793814433, 